Effective date ,Dow Jones Commodity Index TR,Dow Jones Commodity Index ER,Dow Jones Commodity Index
5/23/2005,288.89,238.64,305.24
5/24/2005,289.61,239.21,305.97
5/25/2005,292.63,241.69,309.14
5/26/2005,293.79,242.63,310.34
5/27/2005,293.9,242.7,310.43
5/31/2005,294.01,242.72,310.45
6/1/2005,299.2,246.97,315.9
6/2/2005,298.84,246.65,315.49
6/3/2005,302.82,249.93,319.68
6/6/2005,303.07,250.07,319.86
6/7/2005,300.98,248.32,317.53
6/8/2005,297.66,245.56,313.91
6/9/2005,300.35,247.76,316.61
6/10/2005,298.26,246.02,314.25
6/13/2005,301.69,248.79,317.7
6/14/2005,300.67,247.93,316.6
6/15/2005,303.31,250.08,319.35
6/16/2005,305.5,251.86,321.62
6/17/2005,309.78,255.37,326.1
6/20/2005,312.73,257.74,329.13
6/21/2005,309.55,255.1,325.75
6/22/2005,307.82,253.65,323.9
6/23/2005,308.29,254.02,324.38
6/24/2005,309.33,254.86,325.45
6/27/2005,308.61,254.19,324.6
6/28/2005,303.14,249.67,318.83
6/29/2005,302.39,249.03,318
6/30/2005,300.04,247.08,315.51
7/1/2005,302.66,249.21,318.24
7/5/2005,308.3,253.77,324.06
7/6/2005,312.25,257,328.18
7/7/2005,310.64,255.65,326.46
7/8/2005,309.68,254.84,328.67
7/11/2005,308.7,253.96,330.86
7/12/2005,310.93,255.77,336.45
7/13/2005,310.52,255.41,339.24
7/14/2005,309.29,254.38,341.22
7/15/2005,309.73,254.73,341.68
7/18/2005,307.61,252.91,339.24
7/19/2005,306.06,251.61,337.5
7/20/2005,305.49,251.13,336.85
7/21/2005,302.35,248.52,333.35
7/22/2005,305.43,251.03,336.72
7/25/2005,305.55,251.06,336.76
7/26/2005,306.49,251.81,337.76
7/27/2005,308.1,253.11,339.51
7/28/2005,311.64,255.99,343.38
7/29/2005,312.54,256.71,344.34
8/1/2005,316.35,259.76,348.43
8/2/2005,318.04,261.13,350.27
8/3/2005,316.41,259.77,348.44
8/4/2005,316.44,259.77,348.44
8/5/2005,317.27,260.42,349.6
8/8/2005,319.01,261.77,351.73
8/9/2005,315.97,259.26,348.7
8/10/2005,321.34,263.64,354.91
8/11/2005,324.88,266.52,359.04
8/12/2005,325.53,267.02,359.73
8/15/2005,323.96,265.66,357.89
8/16/2005,324.4,266,358.34
8/17/2005,318.65,261.26,351.96
8/18/2005,317.69,260.44,350.86
8/19/2005,320.88,263.03,354.34
8/22/2005,323.92,265.44,357.6
8/23/2005,323.44,265.03,357.04
8/24/2005,324.93,266.22,358.65
8/25/2005,324.51,265.86,358.15
8/26/2005,323.5,265,357
8/29/2005,327.84,268.47,361.68
8/30/2005,332.93,272.62,367.26
8/31/2005,331.57,271.48,365.73
9/1/2005,337.29,276.13,372
9/2/2005,333.82,273.27,368.14
9/6/2005,331.91,271.6,365.89
9/7/2005,327.22,267.73,360.68
9/8/2005,327.5,267.94,361.09
9/9/2005,327.14,267.61,360.84
9/12/2005,325.45,266.15,359.12
9/13/2005,324.29,265.19,358.06
9/14/2005,326.95,267.33,361.16
9/15/2005,324.69,265.46,358.63
9/16/2005,321.37,262.72,354.94
9/19/2005,333.13,272.25,367.82
9/20/2005,330.96,270.45,365.38
9/21/2005,333.37,272.4,368.01
9/22/2005,334.88,273.61,369.65
9/23/2005,330.69,270.15,364.98
9/26/2005,335.49,274,370.17
9/27/2005,334.79,273.4,369.36
9/28/2005,339.15,276.93,374.14
9/29/2005,340.27,277.82,375.34
9/30/2005,339.61,277.26,374.57
10/3/2005,340.2,277.66,375.12
10/4/2005,337.9,275.75,372.54
10/5/2005,337.25,275.19,371.79
10/6/2005,332.82,271.56,366.87
10/7/2005,333.95,272.45,370.54
10/10/2005,333.65,272.12,372.59
10/11/2005,338.05,275.69,379.95
10/12/2005,338.84,276.3,383.26
10/13/2005,335.48,273.54,381.98
10/14/2005,333.4,271.81,379.57
10/17/2005,338.47,275.86,385.23
10/18/2005,334.99,272.99,381.22
10/19/2005,332.63,271.05,378.5
10/20/2005,330.05,268.91,375.52
10/21/2005,328.39,267.53,373.59
10/24/2005,327.65,266.85,372.64
10/25/2005,335.25,273,381.23
10/26/2005,331.45,269.88,376.88
10/27/2005,331.52,269.91,376.91
10/28/2005,330.13,268.75,375.29
10/31/2005,327.05,266.16,371.67
11/1/2005,325.5,264.86,369.87
11/2/2005,325.9,265.16,370.29
11/3/2005,329.77,268.28,374.64
11/4/2005,328.64,267.33,373.31
11/7/2005,328.67,267.27,373.3
11/8/2005,328.99,267.5,373.74
11/9/2005,327.97,266.64,372.63
11/10/2005,325.99,265.01,370.46
11/11/2005,327.73,266.39,372.5
11/14/2005,327.79,266.35,372.44
11/15/2005,325.94,264.82,370.3
11/16/2005,328.24,266.66,372.88
11/17/2005,326.71,265.39,371.1
11/18/2005,326.72,265.37,371.07
11/21/2005,327.84,266.19,372.22
11/22/2005,328.58,266.76,373.02
11/23/2005,327.83,266.12,372.12
11/25/2005,330,267.83,374.51
11/28/2005,329.49,267.33,373.81
11/29/2005,329.02,266.91,373.23
11/30/2005,332.42,269.64,377.04
12/1/2005,338.6,274.63,384.02
12/2/2005,340.95,276.51,386.64
12/5/2005,344.23,279.07,390.23
12/6/2005,342.73,277.83,388.49
12/7/2005,343.59,278.5,389.6
12/8/2005,348.88,282.75,395.73
12/9/2005,347.07,281.25,393.83
12/12/2005,350.41,283.87,397.65
12/13/2005,353.07,285.99,400.75
12/14/2005,348.67,282.4,395.72
12/15/2005,345.28,279.62,391.82
12/16/2005,344.88,279.26,391.33
12/19/2005,344.41,278.79,390.67
12/20/2005,343.8,278.27,389.94
12/21/2005,344.88,279.12,391.13
12/22/2005,345.07,279.24,391.3
12/23/2005,345.18,279.29,391.37
12/27/2005,343.39,277.72,389.17
12/28/2005,347.58,281.08,393.88
12/29/2005,346.66,280.31,392.8
12/30/2005,349.03,282.2,395.45
1/3/2006,353.36,285.58,400.18
1/4/2006,355.24,287.06,402.26
1/5/2006,352.48,284.8,399.08
1/6/2006,354.83,286.67,401.71
1/9/2006,354.71,286.47,401.84
1/10/2006,354.09,285.93,401.55
1/11/2006,353.69,285.58,401.52
1/12/2006,354.06,285.85,402.35
1/13/2006,356.56,287.83,405.51
1/17/2006,360.49,290.86,409.79
1/18/2006,357.97,288.8,406.89
1/19/2006,361.03,291.24,410.31
1/20/2006,363.86,293.48,413.48
1/23/2006,365.13,294.4,414.77
1/24/2006,365.52,294.68,415.17
1/25/2006,366.67,295.58,416.43
1/26/2006,366.79,295.64,416.51
1/27/2006,369.67,297.92,419.73
1/30/2006,373.57,300.96,424.01
1/31/2006,373.07,300.51,423.38
2/1/2006,371.24,299,421.25
2/2/2006,370.64,298.48,420.53
2/3/2006,373.55,300.79,423.78
2/6/2006,371.83,299.29,421.67
2/7/2006,364.27,293.18,413.53
2/8/2006,363.79,292.75,413.42
2/9/2006,366.21,294.67,416.61
2/10/2006,357.51,287.63,407.13
2/13/2006,353.11,283.99,402.45
2/14/2006,352.66,283.59,401.89
2/15/2006,346.65,278.72,394.99
2/16/2006,348.3,280.01,396.82
2/17/2006,351.96,282.92,400.94
2/21/2006,359.38,288.74,409.19
2/22/2006,355.65,285.71,404.89
2/23/2006,353.52,283.96,402.41
2/24/2006,358.15,287.64,407.63
2/27/2006,351.37,282.1,399.77
2/28/2006,355.83,285.64,404.8
3/1/2006,355.52,285.35,404.39
3/2/2006,361.55,290.16,411.19
3/3/2006,363.46,291.66,413.32
3/6/2006,357.59,286.83,406.49
3/7/2006,351.94,282.27,400.71
3/8/2006,348.2,279.23,397.12
3/9/2006,350.31,280.89,400.19
3/10/2006,350.81,281.25,401.41
3/13/2006,353.36,283.2,404.83
3/14/2006,356.71,285.85,408.62
3/15/2006,355.63,284.94,407.33
3/16/2006,356.73,285.79,408.53
3/17/2006,357.76,286.58,409.66
3/20/2006,353.47,283.03,404.6
3/21/2006,355.63,284.72,407.01
3/22/2006,353.72,283.16,404.78
3/23/2006,359.65,287.87,411.52
3/24/2006,360.69,288.67,412.66
3/27/2006,361.92,289.54,413.9
3/28/2006,365.14,292.08,417.54
3/29/2006,366.02,292.75,418.49
3/30/2006,370.9,296.61,424.01
3/31/2006,367.21,293.63,419.74
4/3/2006,371.78,297.17,424.8
4/4/2006,367.35,293.59,419.68
4/5/2006,372.62,297.76,425.65
4/6/2006,376.85,301.11,430.44
4/7/2006,374.36,299.08,424.9
4/10/2006,380.36,303.76,428.89
4/11/2006,382.48,305.42,428.6
4/12/2006,384.5,306.98,428.09
4/13/2006,385.7,307.9,426.71
4/17/2006,389.87,311.08,431.11
4/18/2006,399.09,318.39,441.24
4/19/2006,401.53,320.29,443.88
4/20/2006,396.72,316.42,438.51
4/21/2006,405.9,323.7,448.61
4/24/2006,400.36,319.16,442.3
4/25/2006,404.54,322.45,446.87
4/26/2006,404.1,322.06,446.32
4/27/2006,395.13,314.87,436.36
4/28/2006,398.83,317.77,440.39
5/1/2006,403.5,321.37,445.37
5/2/2006,406.71,323.89,448.86
5/3/2006,401.67,319.83,443.23
5/4/2006,403.97,321.62,445.72
5/5/2006,406.77,323.81,449.62
5/8/2006,405.36,322.55,448.77
5/9/2006,412.07,327.86,456.99
5/10/2006,419.96,334.08,466.42
5/11/2006,429.86,341.92,478.06
5/12/2006,425.1,338.09,472.71
5/15/2006,412.59,328,458.61
5/16/2006,415.15,330,461.4
5/17/2006,412.78,328.07,458.7
5/18/2006,411.59,327.08,457.32
5/19/2006,401.36,318.91,445.89
5/22/2006,405.1,321.75,449.87
5/23/2006,418.4,332.27,464.58
5/24/2006,405.24,321.78,449.91
5/25/2006,410.6,325.99,455.8
5/26/2006,415.47,329.82,461.15
5/30/2006,413.08,327.75,458.25
5/31/2006,408.72,324.24,453.35
6/1/2006,404.4,320.78,448.51
6/2/2006,412.25,326.96,457.15
6/5/2006,411.01,325.85,455.59
6/6/2006,404.38,320.55,448.19
6/7/2006,406.09,321.86,450.15
6/8/2006,396.62,314.31,439.74
6/9/2006,397,314.57,440.22
6/12/2006,393.56,311.72,436.37
6/13/2006,380.65,301.46,422.13
6/14/2006,381.42,302.03,422.93
6/15/2006,389.06,308.03,431.34
6/16/2006,390.26,308.95,432.62
6/19/2006,384.47,304.24,426.03
6/20/2006,384.22,304,425.69
6/21/2006,388.88,307.65,430.8
6/22/2006,388.44,307.25,430.25
6/23/2006,386.96,306.04,428.55
6/26/2006,392.54,310.33,434.56
6/27/2006,391.16,309.2,432.97
6/28/2006,392.21,309.98,434.07
6/29/2006,400.29,316.32,442.95
6/30/2006,405.2,320.17,448.33
7/3/2006,406.89,321.37,450.02
7/5/2006,410.11,323.82,453.45
7/6/2006,416.84,329.09,460.83
7/7/2006,412.74,325.81,456.23
7/10/2006,412.26,325.29,453.98
7/11/2006,418.6,330.25,459.26
7/12/2006,421,332.1,460.16
7/13/2006,422.2,333,459.76
7/14/2006,424.77,334.98,460.78
7/17/2006,414.75,326.94,449.72
7/18/2006,409.58,322.82,444.05
7/19/2006,410.09,323.18,444.55
7/20/2006,405.49,319.51,439.49
7/21/2006,402.71,317.27,436.42
7/24/2006,405.95,319.7,439.75
7/25/2006,406.13,319.79,439.89
7/26/2006,406.54,320.07,440.26
7/27/2006,409.75,322.56,443.68
7/28/2006,410.39,323.01,444.32
7/31/2006,419.32,329.9,453.79
8/1/2006,418.39,329.13,452.72
8/2/2006,422.61,332.4,457.23
8/3/2006,415.65,326.88,449.63
8/4/2006,419.37,329.76,453.59
8/7/2006,422.1,331.77,457.38
8/8/2006,420.02,330.09,456.04
8/9/2006,423.93,333.12,461.27
8/10/2006,417.34,327.89,455.15
8/11/2006,412.01,323.66,450.35
8/14/2006,408.14,320.48,445.93
8/15/2006,409.17,321.25,446.99
8/16/2006,410.45,322.21,448.33
8/17/2006,401.11,314.83,438.06
8/18/2006,403.77,316.88,440.91
8/21/2006,408.7,320.61,446.1
8/22/2006,409.85,321.46,447.29
8/23/2006,407.98,319.95,445.19
8/24/2006,409.26,320.91,446.52
8/25/2006,411.06,322.28,448.43
8/28/2006,406.72,318.74,443.51
8/29/2006,402.78,315.61,439.15
8/30/2006,403.67,316.27,440.06
8/31/2006,408.91,320.32,445.71
9/1/2006,404.95,317.18,441.33
9/5/2006,408.08,319.45,444.5
9/6/2006,408.21,319.51,444.58
9/7/2006,405.95,317.7,442.06
9/8/2006,400.68,313.53,437.65
9/11/2006,390.73,305.62,427.94
9/12/2006,388.91,304.16,427.09
9/13/2006,387.55,303.06,426.75
9/14/2006,382.18,298.82,422.02
9/15/2006,378.3,295.74,417.67
9/18/2006,383.56,299.73,423.31
9/19/2006,381.92,298.41,421.44
9/20/2006,378.27,295.52,417.36
9/21/2006,382.7,298.93,422.19
9/22/2006,380.05,296.82,419.21
9/25/2006,378.89,295.81,417.77
9/26/2006,381.42,297.74,420.5
9/27/2006,383.62,299.41,422.86
9/28/2006,386.8,301.86,426.31
9/29/2006,387.7,302.52,427.25
10/2/2006,385.37,300.58,424.52
10/3/2006,378.49,295.18,416.88
10/4/2006,378.79,295.37,417.15
10/5/2006,385.09,300.25,424.04
10/6/2006,386.71,301.46,427.16
10/9/2006,392.85,306.13,435.24
10/10/2006,389.27,303.3,432.65
10/11/2006,391.34,304.87,436.14
10/12/2006,391.85,305.23,437.81
10/13/2006,396.25,308.61,442.67
10/16/2006,404.78,315.13,452.02
10/17/2006,402.31,313.16,449.2
10/18/2006,398.14,309.87,444.48
10/19/2006,401.83,312.7,448.54
10/20/2006,400.12,311.33,446.57
10/23/2006,400.09,311.17,446.35
10/24/2006,402.02,312.63,448.44
10/25/2006,407.46,316.82,454.45
10/26/2006,405.67,315.39,452.39
10/27/2006,407.01,316.38,453.82
10/30/2006,400.96,311.55,446.88
10/31/2006,400.6,311.22,446.42
11/1/2006,401,311.5,446.81
11/2/2006,403.29,313.23,449.29
11/3/2006,405.85,315.17,452.08
11/6/2006,408.37,317,454.7
11/7/2006,408.43,317,455.05
11/8/2006,408.04,316.66,454.95
11/9/2006,413.07,320.52,460.87
11/10/2006,402.98,312.64,449.98
11/13/2006,400.19,310.35,447.13
11/14/2006,399.87,310.06,446.71
11/15/2006,402.9,312.36,450.03
11/16/2006,397.19,307.89,443.6
11/17/2006,397.53,308.11,443.91
11/20/2006,399.48,309.49,445.9
11/21/2006,405.48,314.11,452.55
11/22/2006,402.65,311.87,449.32
11/24/2006,408.63,316.41,455.87
11/27/2006,411.01,318.13,458.34
11/28/2006,410.96,318.04,458.22
11/29/2006,414.55,320.78,462.16
11/30/2006,419.8,324.8,467.95
12/1/2006,418.77,323.95,466.74
12/4/2006,412.79,319.19,459.88
12/5/2006,414.69,320.62,461.93
12/6/2006,408.81,316.03,455.32
12/7/2006,407.58,315.04,454.38
12/8/2006,406.53,314.18,453.63
12/11/2006,406.02,313.66,453.43
12/12/2006,403.81,311.91,451.48
12/13/2006,403.58,311.69,451.71
12/14/2006,407.36,314.57,455.89
12/15/2006,405.28,312.92,453.5
12/18/2006,401.82,310.12,449.44
12/19/2006,403.42,311.32,451.18
12/20/2006,402.09,310.24,449.62
12/21/2006,399.44,308.16,446.6
12/22/2006,400.81,309.17,448.07
12/26/2006,397.93,306.79,444.61
12/27/2006,397.84,306.68,444.45
12/28/2006,399.04,307.56,445.73
12/29/2006,399.3,307.72,445.96
1/2/2007,396.99,305.77,443.13
1/3/2007,386.19,297.42,431.03
1/4/2007,379.85,292.49,423.88
1/5/2007,377.38,290.55,421.08
1/8/2007,375.45,288.94,419.63
1/9/2007,372.54,286.66,417.27
1/10/2007,375.2,288.67,420.96
1/11/2007,374.24,287.89,420.55
1/12/2007,377.98,290.73,425.28
1/16/2007,375.12,288.37,421.83
1/17/2007,377.16,289.9,424.06
1/18/2007,374.88,288.11,421.44
1/19/2007,380.45,292.34,427.64
1/22/2007,382.55,293.84,429.83
1/23/2007,389.43,299.08,437.5
1/24/2007,388.29,298.16,436.15
1/25/2007,387.32,297.37,435
1/26/2007,389.19,298.77,437.04
1/29/2007,382.31,293.36,429.14
1/30/2007,387.86,297.58,435.3
1/31/2007,393.38,301.77,441.44
2/1/2007,390.8,299.76,438.49
2/2/2007,390.7,299.64,438.31
2/5/2007,390.39,299.27,437.77
2/6/2007,390.18,299.07,437.48
2/7/2007,387.38,296.88,434.68
2/8/2007,391.75,300.19,439.93
2/9/2007,394.9,302.56,443.86
2/12/2007,388.1,297.22,436.57
2/13/2007,395.54,302.88,445.36
2/14/2007,393.48,301.26,442.98
2/15/2007,396.06,303.19,445.82
2/16/2007,399.78,306,449.95
2/20/2007,396.95,303.66,446.51
2/21/2007,403.14,308.35,453.41
2/22/2007,409.72,313.34,460.74
2/23/2007,414.19,316.72,465.71
2/26/2007,415.24,317.39,466.7
2/27/2007,412.7,315.4,463.77
2/28/2007,410.38,313.58,461.1
3/1/2007,409.21,312.64,459.72
3/2/2007,405.08,309.45,455.02
3/5/2007,399.13,304.77,448.14
3/6/2007,402.25,307.11,451.58
3/7/2007,407.59,311.15,458.14
3/8/2007,409.02,312.19,460.35
3/9/2007,404,308.32,455.31
3/12/2007,403.37,307.71,455.12
3/13/2007,401.33,306.11,453.49
3/14/2007,400.97,305.79,453.01
3/15/2007,402.89,307.21,455.12
3/16/2007,403.68,307.78,455.96
3/19/2007,403,307.13,455
3/20/2007,402.29,306.55,454.13
3/21/2007,402.62,306.76,454.44
3/22/2007,408.91,311.5,461.47
3/23/2007,406.32,309.49,458.49
3/26/2007,408.55,311.06,460.81
3/27/2007,408.28,310.81,460.45
3/28/2007,411.66,313.34,464.2
3/29/2007,415.63,316.32,468.61
3/30/2007,415.55,316.22,468.46
4/2/2007,414.09,314.97,466.62
4/3/2007,414.72,315.41,467.26
4/4/2007,420.68,319.9,473.91
4/5/2007,421.73,320.66,475.04
4/9/2007,419.37,318.69,475.29
4/10/2007,424.1,322.23,483.94
4/11/2007,423.18,321.49,486.21
4/12/2007,423.31,321.55,489.58
4/13/2007,425.1,322.86,494.95
4/16/2007,421.8,320.23,490.91
4/17/2007,422.87,321,492.09
4/18/2007,421.82,320.15,490.8
4/19/2007,420.75,319.3,489.49
4/20/2007,423.51,321.35,492.63
4/23/2007,426.72,323.65,496.16
4/24/2007,422.13,320.13,490.76
4/25/2007,426.9,323.7,496.24
4/26/2007,422.51,320.33,491.07
4/27/2007,426.16,323.05,495.24
4/30/2007,424.43,321.61,493.03
5/1/2007,426.08,322.82,494.88
5/2/2007,424,321.2,492.41
5/3/2007,427.33,323.68,496.2
5/4/2007,429.86,325.55,499.08
5/7/2007,426.95,323.22,496.29
5/8/2007,424.47,321.3,494.13
5/9/2007,422.43,319.71,492.46
5/10/2007,420.88,318.5,491.35
5/11/2007,426.31,322.56,498.39
5/14/2007,422.94,319.88,494.26
5/15/2007,426.47,322.51,498.31
5/16/2007,424.39,320.9,495.82
5/17/2007,423,319.8,494.13
5/18/2007,423.04,319.79,494.12
5/21/2007,428.07,323.46,499.79
5/22/2007,421.54,318.49,492.1
5/23/2007,420.86,317.93,491.23
5/24/2007,418.25,315.92,488.13
5/25/2007,422.83,319.33,493.4
5/29/2007,418.73,316.07,488.36
5/30/2007,420.61,317.44,490.49
5/31/2007,424.14,320.07,494.54
6/1/2007,428.24,323.12,499.25
6/4/2007,432.93,326.53,504.52
6/5/2007,430.83,324.9,502
6/6/2007,427.77,322.55,498.37
6/7/2007,427.2,322.07,497.94
6/8/2007,419.39,316.14,489.08
6/11/2007,427.04,321.79,498.12
6/12/2007,423.96,319.42,494.78
6/13/2007,428.13,322.52,499.9
6/14/2007,435.44,327.99,508.37
6/15/2007,438.48,330.23,511.85
6/18/2007,438.33,330,511.49
6/19/2007,431.56,324.86,503.52
6/20/2007,432.03,325.17,504
6/21/2007,430.09,323.67,501.68
6/22/2007,427.82,321.92,498.96
6/25/2007,427.71,321.71,498.64
6/26/2007,423.62,318.6,493.82
6/27/2007,424.16,318.96,494.38
6/28/2007,425.21,319.71,495.53
6/29/2007,425.26,319.7,495.53
7/2/2007,427.83,321.51,498.33
7/3/2007,427.68,321.36,498.09
7/5/2007,431.39,324.06,502.28
7/6/2007,433.96,325.94,505.2
7/9/2007,434.45,326.18,507.67
7/10/2007,436.04,327.33,511.59
7/11/2007,437.35,328.27,515.19
7/12/2007,438.47,329.07,518.63
7/13/2007,440.61,330.63,523.29
7/16/2007,434.06,325.58,515.3
7/17/2007,432.02,324.01,512.81
7/18/2007,439,329.2,521.02
7/19/2007,442.51,331.79,525.13
7/20/2007,443.56,332.53,526.29
7/23/2007,437.68,327.99,519.11
7/24/2007,436.23,326.86,517.31
7/25/2007,434.65,325.63,515.37
7/26/2007,433.24,324.52,513.63
7/27/2007,435.21,325.96,515.89
7/30/2007,436.54,326.82,517.26
7/31/2007,441.22,330.28,522.73
8/1/2007,437.56,327.49,518.33
8/2/2007,437.32,327.28,517.98
8/3/2007,434.59,325.18,514.67
8/6/2007,429.22,321.03,508.1
8/7/2007,430.05,321.62,509.97
8/8/2007,430.23,321.71,511.12
8/9/2007,426.82,319.12,507.98
8/10/2007,426.02,318.47,507.88
8/13/2007,428.45,320.16,511.52
8/14/2007,427.55,319.45,510.39
8/15/2007,426.79,318.84,509.42
8/16/2007,412.23,307.92,491.97
8/17/2007,419.01,312.94,499.99
8/20/2007,415.57,310.26,495.7
8/21/2007,414.59,309.5,494.49
8/22/2007,418.6,312.47,499.24
8/23/2007,421.94,314.94,503.18
8/24/2007,425.21,317.35,507.04
8/27/2007,424.3,316.6,505.83
8/28/2007,423.05,315.62,504.28
8/29/2007,426.38,318.07,508.18
8/30/2007,428.49,319.6,510.63
8/31/2007,430.42,320.99,512.86
9/4/2007,433.49,323.12,516.25
9/5/2007,432.64,322.45,515.18
9/6/2007,434.06,323.47,516.8
9/7/2007,434.71,323.92,517.52
9/10/2007,437.77,326.07,521.47
9/11/2007,444.01,330.69,529.32
9/12/2007,447.02,332.9,533.26
9/13/2007,446.94,332.8,533.63
9/14/2007,447.85,333.44,535.16
9/17/2007,451.58,336.12,539.45
9/18/2007,453.88,337.78,542.13
9/19/2007,458.5,341.18,547.59
9/20/2007,461.3,343.23,550.88
9/21/2007,463.38,344.74,553.3
9/24/2007,465.52,346.21,555.66
9/25/2007,462.45,343.9,551.94
9/26/2007,464.13,345.11,553.88
9/27/2007,470.98,350.16,562
9/28/2007,468.44,348.23,558.9
10/1/2007,467.56,347.47,557.68
10/2/2007,462.5,343.68,551.59
10/3/2007,464.12,344.84,553.46
10/4/2007,463.86,344.61,553.08
10/5/2007,462.87,343.84,553.84
10/8/2007,452.98,336.39,543.85
10/9/2007,456.38,338.87,549.89
10/10/2007,461.59,342.7,558.2
10/11/2007,466.42,346.25,566.04
10/12/2007,465.82,345.77,565.25
10/15/2007,470.36,349.03,570.57
10/16/2007,469.67,348.47,569.66
10/17/2007,468,347.19,567.57
10/18/2007,472.05,350.16,572.42
10/19/2007,471.55,349.74,571.74
10/22/2007,467.99,346.98,567.23
10/23/2007,465.63,345.2,564.31
10/24/2007,464.02,343.97,562.3
10/25/2007,470.86,348.99,570.52
10/26/2007,475.28,352.23,575.81
10/29/2007,480.55,356.02,582.01
10/30/2007,474.46,351.47,574.57
10/31/2007,481.24,356.46,582.72
11/1/2007,476.83,353.15,577.31
11/2/2007,481.83,356.81,583.3
11/5/2007,478.57,354.28,579.16
11/6/2007,486.17,359.88,588.31
11/7/2007,482.75,357.31,584.02
11/8/2007,481.36,356.25,582.21
11/9/2007,481.73,356.48,582.5
11/12/2007,475.18,351.53,574.32
11/13/2007,469.52,347.31,567.36
11/14/2007,476.31,352.3,575.5
11/15/2007,470.67,348.1,568.64
11/16/2007,472.58,349.47,570.89
11/19/2007,468.19,346.13,565.42
11/20/2007,475.26,351.32,573.9
11/21/2007,473.27,349.81,571.44
11/23/2007,479.29,354.2,578.61
11/26/2007,479.03,353.91,578.13
11/27/2007,473.16,349.54,570.99
11/28/2007,470.21,347.33,567.38
11/29/2007,470.76,347.71,568
11/30/2007,466.51,344.53,562.82
12/3/2007,464.26,342.78,559.96
12/4/2007,464.28,342.77,559.93
12/5/2007,463.06,341.84,558.42
12/6/2007,466.69,344.49,562.74
12/7/2007,468.99,346.16,565.74
12/10/2007,468.12,345.43,564.82
12/11/2007,470.92,347.47,568.45
12/12/2007,480.27,354.33,579.96
12/13/2007,474.65,350.16,573.49
12/14/2007,475.27,350.58,574.18
12/17/2007,472.49,348.45,570.68
12/18/2007,470.98,347.3,568.8
12/19/2007,476.1,351.05,574.95
12/20/2007,474.59,349.91,573.08
12/21/2007,480.2,354.01,579.79
12/24/2007,479.87,353.68,579.25
12/26/2007,484.68,357.17,584.96
12/27/2007,485.88,358.01,586.35
12/28/2007,482.67,355.62,582.42
12/31/2007,481.83,354.9,581.25
1/2/2008,493.87,363.7,595.66
1/3/2008,499.23,367.61,602.07
1/4/2008,494.82,364.34,596.7
1/7/2008,488.69,359.72,589.15
1/8/2008,497.59,366.24,600.73
1/9/2008,494.43,363.88,597.61
1/10/2008,490.12,360.68,593.01
1/11/2008,493.5,363.13,597.76
1/14/2008,500.78,368.39,607.24
1/15/2008,493.89,363.29,598.83
1/16/2008,487.39,358.48,590.9
1/17/2008,487.42,358.47,590.89
1/18/2008,491.23,361.24,595.46
1/22/2008,483.96,355.77,586.44
1/23/2008,473.59,348.13,573.84
1/24/2008,483.11,355.11,585.34
1/25/2008,489.36,359.67,592.87
1/28/2008,494.01,363.02,598.39
1/29/2008,499.49,367.02,604.99
1/30/2008,497.77,365.74,602.87
1/31/2008,501.6,368.53,607.46
2/1/2008,496.82,364.99,601.64
2/4/2008,500.99,367.98,606.57
2/5/2008,496.94,364.98,601.63
2/6/2008,499.65,366.95,604.87
2/7/2008,505.41,371.16,612.36
2/8/2008,518.13,380.47,628.25
2/11/2008,520.64,382.25,631.7
2/12/2008,515.58,378.51,626.04
2/13/2008,514.06,377.37,624.67
2/14/2008,522.31,383.4,634.65
2/15/2008,521.86,383.05,634.07
2/19/2008,537.13,394.16,652.46
2/20/2008,537.4,394.33,652.75
2/21/2008,541.89,397.6,658.16
2/22/2008,542.46,397.99,658.81
2/25/2008,546.72,401.05,663.86
2/26/2008,556.13,407.92,675.25
2/27/2008,561.3,411.7,681.49
2/28/2008,567.46,416.18,688.92
2/29/2008,561.92,412.1,682.16
3/3/2008,569.59,417.65,691.35
3/4/2008,558.74,409.67,678.14
3/5/2008,572.68,419.88,695.03
3/6/2008,569.5,417.52,691.13
3/7/2008,564.81,414.06,685.04
3/10/2008,566.36,415.14,686.41
3/11/2008,570.68,418.28,691.18
3/12/2008,578.04,423.66,699.66
3/13/2008,579.24,424.52,700.81
3/14/2008,572.76,419.77,692.95
3/17/2008,547.96,401.54,662.86
3/18/2008,560.38,410.62,677.86
3/19/2008,537.12,393.57,649.71
3/20/2008,524.97,384.65,634.99
3/24/2008,529.47,387.9,640.35
3/25/2008,540.28,395.82,653.41
3/26/2008,547.44,401.04,662.04
3/27/2008,553.2,405.25,668.99
3/28/2008,546.26,400.15,660.57
3/31/2008,536.1,392.67,648.23
4/1/2008,531.18,389.05,642.24
4/2/2008,540.96,396.2,654.04
4/3/2008,541.57,396.63,654.75
4/4/2008,548.83,401.93,663.51
4/7/2008,553.06,404.98,668.65
4/8/2008,549.44,402.31,664.39
4/9/2008,560.68,410.53,678.05
4/10/2008,558.88,409.19,675.97
4/11/2008,555.79,406.92,672.43
4/14/2008,557.76,408.31,674.72
4/15/2008,562.08,411.46,679.93
4/16/2008,569.9,417.17,689.37
4/17/2008,567.17,415.16,686.05
4/18/2008,565.5,413.93,684.01
4/21/2008,560.3,410.08,677.66
4/22/2008,568.34,415.95,687.36
4/23/2008,565.16,413.61,683.49
4/24/2008,557.94,408.31,674.73
4/25/2008,561.63,410.99,679.17
4/28/2008,564.86,413.31,683
4/29/2008,553.4,404.91,669.11
4/30/2008,550.01,402.42,664.99
5/1/2008,539.92,395.01,652.76
5/2/2008,551,403.11,666.14
5/5/2008,556.33,406.96,672.49
5/6/2008,563.18,411.95,680.75
5/7/2008,563.79,412.38,682.06
5/8/2008,565.32,413.48,684.48
5/9/2008,568.48,415.77,689
5/12/2008,566.61,414.35,687.42
5/13/2008,570.01,416.82,692.26
5/14/2008,564.34,412.65,685.33
5/15/2008,565.93,413.79,687.22
5/16/2008,571.47,417.82,693.93
5/19/2008,568.66,415.7,690.41
5/20/2008,574.76,420.14,697.78
5/21/2008,582.55,425.82,707.2
5/22/2008,573.2,418.95,695.81
5/23/2008,577.49,422.07,700.98
5/27/2008,571.2,417.39,693.21
5/28/2008,571.27,417.41,693.24
5/29/2008,557.17,407.09,676.11
5/30/2008,562.18,410.73,682.15
6/2/2008,566.74,414,687.58
6/3/2008,559.74,408.86,679.04
6/4/2008,556.23,406.28,674.75
6/5/2008,567.26,414.32,688.11
6/6/2008,587.13,428.81,712.62
6/9/2008,580.42,423.84,704.95
6/10/2008,577.97,422.03,702.51
6/11/2008,592.89,432.9,721.2
6/12/2008,592.39,432.52,721.12
6/13/2008,594.47,434.01,723.61
6/16/2008,598.32,436.76,728.18
6/17/2008,600.57,438.37,730.88
6/18/2008,606.45,442.64,737.99
6/19/2008,596.28,435.19,725.57
6/20/2008,602.16,439.46,732.69
6/23/2008,602.63,439.72,733.13
6/24/2008,600.22,437.94,730.16
6/25/2008,597.88,436.21,727.28
6/26/2008,613.48,447.58,746.22
6/27/2008,613.89,447.85,746.69
6/30/2008,608.37,443.76,739.86
7/1/2008,612.92,447.05,745.35
7/2/2008,620.13,452.28,754.07
7/3/2008,620.61,452.61,754.63
7/7/2008,605.1,441.21,735.61
7/8/2008,589.59,429.88,737.47
7/9/2008,592.42,431.92,762.16
7/10/2008,604.28,440.54,798.82
7/11/2008,609.88,444.6,827.7
7/14/2008,604.98,440.96,842.15
7/15/2008,591.97,431.46,824.01
7/16/2008,586.81,427.67,816.78
7/17/2008,576.04,419.8,801.75
7/18/2008,568.48,414.28,791.19
7/21/2008,569.74,415.14,792.85
7/22/2008,563.15,410.32,783.65
7/23/2008,555.55,404.77,773.03
7/24/2008,551.25,401.62,767.02
7/25/2008,550.35,400.95,765.73
7/28/2008,554.2,403.7,770.99
7/29/2008,549.68,400.38,764.66
7/30/2008,555.81,404.83,773.15
7/31/2008,553.69,403.27,770.17
8/1/2008,550.22,400.72,765.31
8/4/2008,532.61,387.84,740.7
8/5/2008,527.99,384.46,734.25
8/6/2008,525.73,382.79,731.07
8/7/2008,531.63,387.08,739.84
8/8/2008,513.35,373.75,715.08
8/11/2008,511.44,372.3,713.11
8/12/2008,506.5,368.69,707
8/13/2008,521.66,379.7,728.99
8/14/2008,518.78,377.59,724.93
8/15/2008,508.94,370.4,711.13
8/18/2008,512.59,373,716.12
8/19/2008,519.61,378.09,725.89
8/20/2008,523.8,381.12,731.71
8/21/2008,544.89,396.45,761.13
8/22/2008,530.16,385.71,740.52
8/25/2008,528.92,384.75,738.67
8/26/2008,528.31,384.29,737.79
8/27/2008,531.96,386.92,742.85
8/28/2008,523.37,380.65,730.82
8/29/2008,521.18,379.04,727.73
9/2/2008,504.94,367.17,704.92
9/3/2008,503.59,366.17,703
9/4/2008,500.23,363.7,698.27
9/5/2008,488.79,355.37,682.27
9/8/2008,489.7,355.98,684.02
9/9/2008,480.82,349.51,672.15
9/10/2008,476.89,346.64,667.14
9/11/2008,475.65,345.72,665.83
9/12/2008,484.31,352,678.34
9/15/2008,473.36,343.99,662.91
9/16/2008,459.47,333.88,643.43
9/17/2008,470.7,342.03,659.13
9/18/2008,467.79,339.91,655.04
9/19/2008,479.43,348.36,671.32
9/22/2008,497.15,361.21,696.08
9/23/2008,489.48,355.62,685.31
9/24/2008,488.25,354.71,683.57
9/25/2008,489.86,355.87,685.79
9/26/2008,483.53,351.25,676.9
9/29/2008,458.68,333.16,642.03
9/30/2008,458.13,332.75,641.24
10/1/2008,453.84,329.62,635.22
10/2/2008,433.2,314.62,606.31
10/3/2008,432.67,314.23,605.55
10/6/2008,410.43,298.05,574.37
10/7/2008,413.38,300.19,570.49
10/8/2008,408.89,296.92,556.39
10/9/2008,409.91,297.66,549.93
10/10/2008,382.21,277.54,505.44
10/13/2008,394.2,286.23,513.81
10/14/2008,391.48,284.26,510.27
10/15/2008,373.26,271.02,486.51
10/16/2008,360.58,261.81,469.97
10/17/2008,368.28,267.4,480
10/20/2008,369.66,268.39,481.79
10/21/2008,362.97,263.53,473.05
10/22/2008,344.94,250.43,449.54
10/23/2008,344.18,249.87,448.53
10/24/2008,334.21,242.62,435.52
10/27/2008,340.34,247.04,443.46
10/28/2008,342.3,248.46,446
10/29/2008,365.17,265.06,475.79
10/30/2008,351.38,255.04,457.82
10/31/2008,352.58,255.91,459.37
11/3/2008,350.21,254.16,456.24
11/4/2008,367.1,266.42,478.24
11/5/2008,352.9,256.11,459.74
11/6/2008,338.24,245.47,440.63
11/7/2008,336.5,244.2,438.91
11/10/2008,342.28,248.39,446.99
11/11/2008,331.18,240.33,433.05
11/12/2008,325.11,235.91,425.69
11/13/2008,328.91,238.67,431.26
11/14/2008,329.89,239.38,432.54
11/17/2008,323.88,235.01,424.64
11/18/2008,322.85,234.26,423.29
11/19/2008,318.75,231.29,417.91
11/20/2008,308.01,223.5,403.83
11/21/2008,307.67,223.25,403.39
11/24/2008,324.14,235.19,424.97
11/25/2008,318.01,230.75,416.94
11/26/2008,324.73,235.62,425.74
11/28/2008,321.01,232.92,420.86
12/1/2008,307.48,223.1,403.11
12/2/2008,302.95,219.82,397.18
12/3/2008,297.81,216.08,390.44
12/4/2008,287.66,208.72,377.13
12/5/2008,275.68,200.02,362.4
12/8/2008,287.34,208.49,378.85
12/9/2008,283.89,205.98,375.37
12/10/2008,290.85,211.03,385.62
12/11/2008,299.75,217.49,398.5
12/12/2008,296.14,214.87,393.69
12/15/2008,296.24,214.94,393.83
12/16/2008,297.76,216.05,395.85
12/17/2008,298.41,216.51,396.71
12/18/2008,293.95,213.28,390.79
12/19/2008,292.61,212.31,389.01
12/22/2008,291.54,211.53,387.58
12/23/2008,290.61,210.86,386.34
12/24/2008,287.56,208.64,382.29
12/26/2008,291.82,211.73,387.95
12/29/2008,294.25,213.5,391.18
12/30/2008,296.61,215.21,394.32
12/31/2008,308.59,223.9,410.25
1/2/2009,316.65,229.75,420.96
1/5/2009,319.66,231.93,424.95
1/6/2009,328.39,238.26,436.56
1/7/2009,315.69,229.05,419.67
1/8/2009,310.04,224.94,413.84
1/9/2009,314.11,227.9,420.68
1/12/2009,299.75,217.48,403.12
1/13/2009,302.46,219.44,408.56
1/14/2009,298.72,216.73,405.34
1/15/2009,298.47,216.55,404.99
1/16/2009,301.65,218.85,409.31
1/20/2009,294.56,213.71,399.68
1/21/2009,294.15,213.41,399.13
1/22/2009,292.31,212.07,396.62
1/23/2009,301.88,219.01,409.61
1/26/2009,305.58,221.7,414.63
1/27/2009,295.22,214.18,400.56
1/28/2009,298.52,216.57,405.04
1/29/2009,297.64,215.93,403.85
1/30/2009,297.43,215.78,403.56
2/2/2009,292.63,212.29,397.04
2/3/2009,292.96,212.53,397.49
2/4/2009,294.37,213.56,399.4
2/5/2009,298.34,216.43,404.78
2/6/2009,301.71,218.88,410.62
2/9/2009,301.88,219,412.15
2/10/2009,296.29,214.94,405.86
2/11/2009,294.79,213.84,405.22
2/12/2009,293.37,212.81,404.75
2/13/2009,290.96,211.07,401.42
2/17/2009,278.73,202.19,384.54
2/18/2009,275.49,199.83,380.06
2/19/2009,280.22,203.26,386.58
2/20/2009,277.34,201.17,382.61
2/23/2009,276.29,200.4,381.14
2/24/2009,278.97,202.35,384.84
2/25/2009,283.63,205.73,391.27
2/26/2009,287.54,208.56,396.65
2/27/2009,285.39,207,393.69
3/2/2009,274.27,198.93,378.33
3/3/2009,276.85,200.8,381.9
3/4/2009,287.09,208.22,396.01
3/5/2009,282.22,204.69,389.29
3/6/2009,285.63,207.16,394.96
3/9/2009,283.61,205.69,393.04
3/10/2009,284.11,206.05,394.73
3/11/2009,278.07,201.67,387.37
3/12/2009,286.19,207.55,399.65
3/13/2009,286.48,207.77,400.06
3/16/2009,290.36,210.58,405.47
3/17/2009,293.89,213.14,410.4
3/18/2009,289.1,209.66,403.7
3/19/2009,304.66,220.94,425.43
3/20/2009,305.41,221.48,426.47
3/23/2009,309.93,224.76,432.78
3/24/2009,306.93,222.58,428.58
3/25/2009,303.3,219.94,423.51
3/26/2009,306.01,221.91,427.29
3/27/2009,299.93,217.5,418.8
3/30/2009,291.85,211.64,407.51
3/31/2009,297.43,215.68,415.3
4/1/2009,294.43,213.5,411.1
4/2/2009,305.08,221.23,425.98
4/3/2009,308.35,223.6,430.55
4/6/2009,304.01,220.45,424.47
4/7/2009,301.99,218.98,424.24
4/8/2009,303.15,219.82,428.5
4/9/2009,307.34,222.86,436.93
4/13/2009,305.93,221.83,437.47
4/14/2009,307.96,223.3,442.95
4/15/2009,308.77,223.89,444.11
4/16/2009,307.89,223.25,442.84
4/17/2009,309.11,224.13,444.59
4/20/2009,298.03,216.09,428.65
4/21/2009,297.94,216.03,428.52
4/22/2009,298.6,216.5,429.46
4/23/2009,298.44,216.39,429.23
4/24/2009,301.9,218.9,434.21
4/27/2009,295.11,213.97,424.44
4/28/2009,292.03,211.74,420
4/29/2009,298.39,216.35,429.16
4/30/2009,299.7,217.3,431.04
5/1/2009,309.12,224.13,444.58
5/4/2009,312.22,226.37,449.04
5/5/2009,311.75,226.03,448.35
5/6/2009,319.8,231.86,459.93
5/7/2009,322.79,234.03,464.92
5/8/2009,326.54,236.75,470.97
5/11/2009,324.91,235.57,469.23
5/12/2009,327.38,237.35,473.42
5/13/2009,323.45,234.51,468.35
5/14/2009,324.42,235.2,469.74
5/15/2009,318.59,230.97,461.3
5/18/2009,323.61,234.61,468.57
5/19/2009,324.11,234.98,469.29
5/20/2009,328.15,237.9,475.14
5/21/2009,323.82,234.76,468.86
5/22/2009,328.48,238.14,475.61
5/26/2009,329.92,239.18,477.68
5/27/2009,331.18,240.09,479.5
5/28/2009,336.29,243.8,486.91
5/29/2009,341.83,247.81,494.91
6/1/2009,352.53,255.56,510.4
6/2/2009,352.03,255.2,509.68
6/3/2009,341.42,247.51,494.32
6/4/2009,350.83,254.33,507.94
6/5/2009,348.17,252.4,504.91
6/8/2009,344.82,249.96,500.97
6/9/2009,351.5,254.81,511.56
6/10/2009,351.82,255.04,512.87
6/11/2009,359.3,260.46,524.59
6/12/2009,353.61,256.33,516.27
6/15/2009,345.03,250.11,503.74
6/16/2009,344.83,249.96,503.45
6/17/2009,346.21,250.96,505.45
6/18/2009,345.9,250.74,505
6/19/2009,343.1,248.7,500.91
6/22/2009,332.27,240.85,485.09
6/23/2009,336.34,243.8,491.03
6/24/2009,339.2,245.87,495.21
6/25/2009,343.02,248.64,500.79
6/26/2009,339.98,246.43,496.34
6/29/2009,342.9,248.54,500.59
6/30/2009,336.09,243.61,490.65
7/1/2009,338.82,245.59,494.63
7/2/2009,331.74,240.45,484.3
7/6/2009,324.03,234.86,473.03
7/7/2009,319.56,231.62,466.49
7/8/2009,311.17,225.54,457.93
7/9/2009,314.69,228.08,466.95
7/10/2009,312.14,226.24,467
7/13/2009,312.85,226.75,471.92
7/14/2009,316.46,229.36,481.27
7/15/2009,322.22,233.54,490.03
7/16/2009,324.04,234.85,492.8
7/17/2009,329.25,238.63,500.72
7/20/2009,332.76,241.17,506.06
7/21/2009,331.43,240.2,504.02
7/22/2009,332.63,241.07,505.85
7/23/2009,338.22,245.12,514.34
7/24/2009,338.28,245.16,514.43
7/27/2009,340.44,246.73,517.72
7/28/2009,336.86,244.13,512.27
7/29/2009,328.83,238.31,500.05
7/30/2009,340.94,247.08,518.47
7/31/2009,347.26,251.67,528.08
8/3/2009,359.38,260.45,546.5
8/4/2009,360.4,261.18,548.04
8/5/2009,364.36,264.05,554.06
8/6/2009,356.61,258.43,542.27
8/7/2009,355.95,257.95,542.75
8/10/2009,355.69,257.76,543.9
8/11/2009,351.46,254.7,539.03
8/12/2009,355.36,257.52,546.6
8/13/2009,358.24,259.6,552.68
8/14/2009,349.13,253,538.62
8/17/2009,342.51,248.2,528.4
8/18/2009,345.62,250.45,533.19
8/19/2009,348.47,252.52,537.59
8/20/2009,346.41,251.02,534.41
8/21/2009,349.97,253.6,539.9
8/24/2009,354.36,256.78,546.66
8/25/2009,349.74,253.43,539.53
8/26/2009,347.93,252.11,536.73
8/27/2009,348.33,252.41,537.35
8/28/2009,352.16,255.18,543.25
8/31/2009,347.8,252.01,536.52
9/1/2009,340.32,246.6,524.98
9/2/2009,340.01,246.37,524.5
9/3/2009,340.54,246.75,525.32
9/4/2009,338.23,245.08,521.76
9/8/2009,345.54,250.37,534.13
9/9/2009,345.58,250.4,535.33
9/10/2009,344.15,249.36,534.24
9/11/2009,339.45,245.96,528.14
9/14/2009,338.45,245.23,527.66
9/15/2009,345,249.97,537.87
9/16/2009,352.22,255.2,549.13
9/17/2009,351.96,255.01,548.72
9/18/2009,347.26,251.61,541.4
9/21/2009,341.81,247.66,532.9
9/22/2009,347.41,251.71,541.62
9/23/2009,343.59,248.95,535.67
9/24/2009,337.06,244.21,525.49
9/25/2009,335.6,243.15,523.2
9/28/2009,337.88,244.81,526.76
9/29/2009,338.49,245.25,527.71
9/30/2009,348.37,252.4,543.1
10/1/2009,343.14,248.61,534.95
10/2/2009,338.25,245.07,527.33
10/5/2009,340.25,246.52,530.44
10/6/2009,346.93,251.36,540.85
10/7/2009,346.25,250.86,540.4
10/8/2009,355.34,257.44,555.08
10/9/2009,352.29,255.24,550.86
10/12/2009,359.53,260.48,562.72
10/13/2009,358.99,260.09,562.53
10/14/2009,361.28,261.75,566.12
10/15/2009,364.96,264.41,571.88
10/16/2009,366.58,265.59,574.42
10/19/2009,373.16,270.35,584.73
10/20/2009,371.27,268.98,581.77
10/21/2009,380.66,275.79,596.48
10/22/2009,379.34,274.82,594.4
10/23/2009,377.6,273.57,591.69
10/26/2009,371.65,269.25,582.35
10/27/2009,370.18,268.19,580.04
10/28/2009,361.95,262.22,567.14
10/29/2009,371.1,268.85,581.48
10/30/2009,362.95,262.95,568.72
11/2/2009,368.03,266.62,576.67
11/3/2009,370.36,268.32,580.33
11/4/2009,372.33,269.74,583.41
11/5/2009,368.93,267.27,578.07
11/6/2009,361.66,262.01,567.22
11/9/2009,368.43,266.91,578.36
11/10/2009,366.89,265.8,576.46
11/11/2009,368.83,267.2,580.03
11/12/2009,363.39,263.26,572.04
11/13/2009,363.62,263.43,572.4
11/16/2009,375.61,272.11,591.26
11/17/2009,376.98,273.1,593.43
11/18/2009,377.14,273.22,593.67
11/19/2009,372.41,269.79,586.22
11/20/2009,372.27,269.69,586
11/23/2009,374.04,270.97,588.79
11/24/2009,368.88,267.23,580.66
11/25/2009,377.32,273.34,593.95
11/27/2009,372.5,269.86,586.37
11/30/2009,376.81,272.98,593.15
12/1/2009,380.24,275.46,598.54
12/2/2009,377.88,273.75,594.84
12/3/2009,376.28,272.59,592.32
12/4/2009,372.37,269.76,586.15
12/7/2009,370.37,268.31,584.02
12/8/2009,367.79,266.44,580.92
12/9/2009,363.1,263.04,574.48
12/10/2009,363.45,263.29,576.01
12/11/2009,365.73,264.94,580.61
12/14/2009,369.42,267.62,586.47
12/15/2009,369.59,267.74,586.73
12/16/2009,375.4,271.95,595.96
12/17/2009,369.98,268.02,587.35
12/18/2009,370.86,268.66,588.75
12/21/2009,370.05,268.07,587.46
12/22/2009,369.74,267.85,586.98
12/23/2009,376.59,272.81,597.85
12/24/2009,377.8,273.68,599.76
12/28/2009,383.03,277.47,608.07
12/29/2009,384.31,278.4,610.1
12/30/2009,384.27,278.37,610.02
12/31/2009,383.84,278.06,609.35
1/4/2010,391.92,283.9,622.16
1/5/2010,391.83,283.84,622.02
1/6/2010,399.57,289.44,634.3
1/7/2010,393.94,285.36,625.36
1/8/2010,392.84,284.57,624.27
1/11/2010,392.7,284.47,624.78
1/12/2010,384.37,278.43,612.21
1/13/2010,385.05,278.92,613.97
1/14/2010,384.37,278.43,613.55
1/15/2010,380.06,275.3,606.66
1/19/2010,381.69,276.49,609.27
1/20/2010,376.34,272.61,600.72
1/21/2010,373.44,270.51,596.1
1/22/2010,370.11,268.1,590.78
1/25/2010,371.3,268.96,592.68
1/26/2010,368.25,266.75,587.81
1/27/2010,362.13,262.32,578.04
1/28/2010,359.07,260.1,573.16
1/29/2010,356.13,257.97,568.46
2/1/2010,358.76,259.87,572.65
2/2/2010,365.61,264.83,583.59
2/3/2010,360.9,261.42,576.06
2/4/2010,351.59,254.67,561.2
2/5/2010,344.73,249.7,550.86
2/8/2010,349.26,252.99,558.74
2/9/2010,354.15,256.53,567.19
2/10/2010,355.56,257.54,570.06
2/11/2010,362,262.21,581.05
2/12/2010,359.05,260.07,576.3
2/16/2010,371.03,268.74,595.52
2/17/2010,369.19,267.41,592.57
2/18/2010,371.91,269.39,596.94
2/19/2010,374.96,271.59,601.83
2/22/2010,373.77,270.73,599.92
2/23/2010,367.42,266.12,589.72
2/24/2010,370.26,268.18,594.28
2/25/2010,364.3,263.86,584.71
2/26/2010,370.81,268.58,595.16
3/1/2010,369.28,267.47,592.7
3/2/2010,373.12,270.25,598.85
3/3/2010,377.69,273.56,606.19
3/4/2010,372.59,269.86,598
3/5/2010,375.85,272.23,603.67
3/8/2010,375.34,271.85,603.37
3/9/2010,373.3,270.38,600.64
3/10/2010,372.37,269.7,599.69
3/11/2010,370.59,268.41,597.41
3/12/2010,370.72,268.5,597.6
3/15/2010,366.51,265.45,590.81
3/16/2010,371.1,268.78,598.21
3/17/2010,375.54,271.99,605.37
3/18/2010,375.01,271.6,604.51
3/19/2010,370.77,268.53,597.66
3/22/2010,370.12,268.05,596.61
3/23/2010,368.54,266.91,594.06
3/24/2010,365.49,264.7,589.15
3/25/2010,364.52,264,587.58
3/26/2010,364.67,264.1,587.81
3/29/2010,372.23,269.58,600
3/30/2010,374.28,271.06,603.3
3/31/2010,373.82,270.73,602.56
4/1/2010,378.58,274.17,610.23
4/5/2010,382.23,276.81,616.1
4/6/2010,383.16,277.48,617.6
4/7/2010,382.92,277.31,617.21
4/8/2010,380.05,275.23,615.16
4/9/2010,381.97,276.62,620.89
4/12/2010,382.67,277.12,624.68
4/13/2010,383.23,277.53,628.24
4/14/2010,387.17,280.37,637.3
4/15/2010,388.79,281.54,639.96
4/16/2010,383.65,277.82,631.51
4/19/2010,378.25,273.91,622.61
4/20/2010,382.87,277.25,630.21
4/21/2010,383.91,278.01,631.92
4/22/2010,384.33,278.31,632.61
4/23/2010,385.79,279.37,635.01
4/26/2010,385.16,278.91,633.97
4/27/2010,378.06,273.76,622.28
4/28/2010,378,273.72,622.17
4/29/2010,379.12,274.53,624.01
4/30/2010,383.27,277.53,630.84
5/3/2010,385.09,278.84,633.82
5/4/2010,374.43,271.13,616.28
5/5/2010,367.25,265.93,604.47
5/6/2010,362.14,262.23,596.05
5/7/2010,361.06,261.44,595.16
5/10/2010,365.82,264.88,603.86
5/11/2010,365.33,264.53,603.97
5/12/2010,367.27,265.93,608.13
5/13/2010,366.8,265.59,608.3
5/14/2010,356.28,257.97,590.86
5/17/2010,345.98,250.51,573.77
5/18/2010,348.9,252.62,578.6
5/19/2010,343.67,248.84,569.94
5/20/2010,340.84,246.78,565.23
5/21/2010,343.68,248.84,569.94
5/24/2010,345.05,249.83,572.21
5/25/2010,339.11,245.53,562.35
5/26/2010,344.12,249.16,570.67
5/27/2010,351.5,254.5,582.89
5/28/2010,348.12,252.05,577.29
6/1/2010,343.66,248.82,569.89
6/2/2010,342.55,248.01,568.03
6/3/2010,342.6,248.05,568.12
6/4/2010,334,241.82,553.86
6/7/2010,332.76,240.92,552
6/8/2010,335.02,242.55,555.91
6/9/2010,339.17,245.56,562.94
6/10/2010,341.55,247.28,567.09
6/11/2010,342.85,248.22,569.45
6/14/2010,348.43,252.26,578.72
6/15/2010,351.9,254.76,584.47
6/16/2010,353.04,255.59,586.37
6/17/2010,352.37,255.11,585.26
6/18/2010,351.35,254.37,583.56
6/21/2010,353.64,256.03,587.37
6/22/2010,352.01,254.84,584.65
6/23/2010,347.89,251.86,577.81
6/24/2010,349.99,253.38,581.29
6/25/2010,353.77,256.12,587.57
6/28/2010,352.78,255.4,585.92
6/29/2010,342.09,247.65,568.16
6/30/2010,346.22,250.64,575.02
7/1/2010,341.92,247.53,567.87
7/2/2010,340.84,246.75,566.08
7/6/2010,342.42,247.89,568.69
7/7/2010,348.03,251.94,578
7/8/2010,350.92,254.04,580.89
7/9/2010,352.47,255.16,581.58
7/12/2010,348.52,252.3,573.15
7/13/2010,353.42,255.84,579.28
7/14/2010,354.34,256.51,578.82
7/15/2010,356.51,258.08,582.36
7/16/2010,352.85,255.43,576.38
7/19/2010,352.51,255.18,575.82
7/20/2010,353.97,256.24,578.2
7/21/2010,356.14,257.8,581.73
7/22/2010,363.3,262.99,593.44
7/23/2010,362.56,262.45,592.22
7/26/2010,363.42,263.07,593.62
7/27/2010,359.95,260.56,587.95
7/28/2010,363.16,262.87,593.18
7/29/2010,368.3,266.6,601.58
7/30/2010,374.58,271.14,611.83
8/2/2010,382.1,276.58,624.11
8/3/2010,381.47,276.13,623.09
8/4/2010,386.26,279.59,630.9
8/5/2010,386.12,279.49,630.67
8/6/2010,381.07,275.83,622.95
8/9/2010,381.46,276.11,624.2
8/10/2010,376.77,272.72,617.07
8/11/2010,371.7,269.04,609.28
8/12/2010,372.15,269.36,610.52
8/13/2010,370.45,268.13,607.74
8/16/2010,369.25,267.26,605.76
8/17/2010,372.83,269.85,611.63
8/18/2010,372.35,269.51,610.85
8/19/2010,370.46,268.13,607.73
8/20/2010,368.08,266.41,603.83
8/23/2010,367.47,265.96,602.82
8/24/2010,362.35,262.26,594.42
8/25/2010,360.79,261.13,591.87
8/26/2010,366.09,264.97,600.56
8/27/2010,371.24,268.69,609
8/30/2010,372.14,269.34,610.47
8/31/2010,368.02,266.36,603.71
9/1/2010,374.1,270.75,613.67
9/2/2010,377.4,273.14,619.09
9/3/2010,380.07,275.07,623.46
9/7/2010,381.72,276.26,626.16
9/8/2010,382.49,276.82,628.2
9/9/2010,381.74,276.28,627.71
9/10/2010,382.57,276.88,629.71
9/13/2010,386.9,280.01,637.45
9/14/2010,389.98,282.23,643.13
9/15/2010,388.34,281.04,640.41
9/16/2010,387.88,280.71,639.66
9/17/2010,389.94,282.2,643.05
9/20/2010,390.56,282.65,644.07
9/21/2010,387.24,280.25,638.6
9/22/2010,389.02,281.53,641.52
9/23/2010,390.1,282.31,643.31
9/24/2010,395.28,286.06,651.83
9/27/2010,393.8,284.98,649.38
9/28/2010,393.54,284.79,648.96
9/29/2010,396.06,286.62,653.12
9/30/2010,396.56,286.98,653.94
10/1/2010,395.56,286.25,652.28
10/4/2010,394.24,285.29,650.1
10/5/2010,401.04,290.21,661.3
10/6/2010,402.14,291.01,663.12
10/7/2010,398.13,288.1,654.48
10/8/2010,409.91,296.63,671.59
10/11/2010,411.43,297.73,671.49
10/12/2010,413.76,299.41,672.93
10/13/2010,415.75,300.85,673.69
10/14/2010,415.62,300.75,673.48
10/15/2010,411.78,297.97,667.26
10/18/2010,413.95,299.54,670.78
10/19/2010,405.84,293.67,657.63
10/20/2010,413.49,299.21,670.03
10/21/2010,409.04,295.99,662.81
10/22/2010,410.95,297.37,665.91
10/25/2010,415.33,300.53,672.99
10/26/2010,417.15,301.85,675.93
10/27/2010,413.59,299.27,670.17
10/28/2010,415.92,300.95,673.93
10/29/2010,414.84,300.17,672.18
11/1/2010,416.69,301.51,675.18
11/2/2010,420.32,304.13,681.05
11/3/2010,420.04,303.93,680.6
11/4/2010,431.2,312,698.68
11/5/2010,433.24,313.48,702.29
11/8/2010,434.43,314.34,704.52
11/9/2010,439.28,317.84,712.65
11/10/2010,436.1,315.54,707.73
11/11/2010,433.84,313.91,704.28
11/12/2010,417.8,302.3,678.25
11/15/2010,419.85,303.78,681.57
11/16/2010,403.09,291.65,654.35
11/17/2010,402.5,291.23,653.4
11/18/2010,411.84,297.98,668.56
11/19/2010,407.02,294.49,660.72
11/22/2010,405.84,293.63,658.8
11/23/2010,404.89,292.94,657.25
11/24/2010,411.81,297.95,668.49
11/26/2010,410.97,297.34,667.13
11/29/2010,412.85,298.7,670.16
11/30/2010,412.23,298.25,669.16
12/1/2010,423.49,306.4,687.44
12/2/2010,428.15,309.76,694.99
12/3/2010,433.3,313.49,703.34
12/6/2010,434.03,314.01,704.52
12/7/2010,433.42,313.57,704.02
12/8/2010,435.02,314.72,707.11
12/9/2010,434.34,314.24,706.51
12/10/2010,432.85,313.16,704.58
12/13/2010,439.88,318.24,716.51
12/14/2010,438.66,317.36,714.52
12/15/2010,437.52,316.53,712.66
12/16/2010,434.89,314.62,708.37
12/17/2010,439.53,317.98,715.92
12/20/2010,443.97,321.19,723.15
12/21/2010,447.29,323.59,728.56
12/22/2010,449.4,325.11,731.99
12/23/2010,449.93,325.5,732.85
12/27/2010,449.61,325.26,732.32
12/28/2010,452.82,327.58,737.54
12/29/2010,453.57,328.12,738.75
12/30/2010,449.34,325.06,731.87
12/31/2010,456.32,330.11,743.24
1/3/2011,457.15,330.7,744.57
1/4/2011,451.55,326.65,735.45
1/5/2011,454.73,328.95,740.63
1/6/2011,449.77,325.36,732.55
1/7/2011,447.24,323.53,728.74
1/10/2011,449.5,325.16,732.79
1/11/2011,455.08,329.19,742.59
1/12/2011,461.25,333.65,752.7
1/13/2011,460.02,332.77,751.07
1/14/2011,459.87,332.65,750.81
1/18/2011,461.79,334.04,753.94
1/19/2011,459.75,332.56,750.61
1/20/2011,456.04,329.87,744.54
1/21/2011,459.25,332.2,749.78
1/24/2011,458.5,331.65,748.54
1/25/2011,451.17,326.35,736.58
1/26/2011,459.3,332.23,749.85
1/27/2011,458.95,331.97,749.27
1/28/2011,463.69,335.39,757
1/31/2011,471.91,341.34,770.42
2/1/2011,475.45,343.9,776.19
2/2/2011,478.22,345.9,780.71
2/3/2011,475.39,343.85,776.08
2/4/2011,474.41,343.14,774.48
2/7/2011,473.77,342.68,774.53
2/8/2011,474.93,343.51,777.56
2/9/2011,477.42,345.31,782.84
2/10/2011,476.26,344.47,782.06
2/11/2011,475,343.55,781.18
2/14/2011,478.77,346.28,787.38
2/15/2011,474.31,343.05,780.04
2/16/2011,475.53,343.93,782.04
2/17/2011,478.5,346.08,786.92
2/18/2011,478.5,346.08,786.92
2/22/2011,475.44,343.87,781.89
2/23/2011,480.27,347.35,789.82
2/24/2011,477.89,345.63,785.9
2/25/2011,485.88,351.41,799.04
2/28/2011,489.35,353.91,804.73
3/1/2011,493.06,356.6,810.84
3/2/2011,496.62,359.17,816.69
3/3/2011,498.37,360.44,819.57
3/4/2011,500.8,362.19,823.56
3/7/2011,495.87,358.62,815.36
3/8/2011,492.08,355.88,809.35
3/9/2011,489.98,354.36,805.53
3/10/2011,483.35,349.56,794.59
3/11/2011,479.81,347,788.67
3/14/2011,479.38,346.69,787.96
3/15/2011,462.88,334.75,760.83
3/16/2011,464.18,335.69,762.96
3/17/2011,479.06,346.46,787.43
3/18/2011,483.47,349.64,794.66
3/21/2011,485.58,351.17,798.13
3/22/2011,489.29,353.85,804.23
3/23/2011,491.02,355.1,807.08
3/24/2011,493.98,357.24,811.94
3/25/2011,493.56,356.94,811.24
3/28/2011,487.47,352.53,801.23
3/29/2011,489.14,353.73,803.96
3/30/2011,487.35,352.44,801.02
3/31/2011,495.86,358.59,815.01
4/1/2011,497.97,360.11,818.47
4/4/2011,502.21,363.18,825.44
4/5/2011,504.58,364.89,829.33
4/6/2011,506.24,366.09,832.05
4/7/2011,506.63,366.38,840.78
4/8/2011,515.27,372.62,863.28
4/11/2011,512.2,370.4,866.34
4/12/2011,499.71,361.37,853.29
4/13/2011,499.65,361.33,861.13
4/14/2011,498.69,360.62,859.45
4/15/2011,501.45,362.62,864.22
4/18/2011,497.8,359.98,857.92
4/19/2011,499.54,361.24,860.92
4/20/2011,505.68,365.68,871.5
4/21/2011,508.88,367.99,877.02
4/25/2011,510.31,369.03,879.48
4/26/2011,507.27,366.82,874.23
4/27/2011,504.62,364.91,869.67
4/28/2011,503.11,363.82,867.06
4/29/2011,508.43,367.66,876.23
5/2/2011,504.81,365.04,869.98
5/3/2011,499.9,361.49,861.52
5/4/2011,490.34,354.58,845.04
5/5/2011,467.25,337.88,805.26
5/6/2011,463.2,334.95,797.87
5/9/2011,472.68,341.8,813.68
5/10/2011,478.5,346.02,823.76
5/11/2011,464.72,336.05,799.08
5/12/2011,463.54,335.2,796.76
5/13/2011,463.18,334.94,795.21
5/16/2011,461.55,333.75,792.4
5/17/2011,460.24,332.81,790.16
5/18/2011,472.4,341.6,811.02
5/19/2011,467.07,337.75,801.88
5/20/2011,469.64,339.6,806.28
5/23/2011,463.1,334.87,795.05
5/24/2011,467.14,337.79,801.99
5/25/2011,475.44,343.8,816.25
5/26/2011,475.05,343.51,815.57
5/27/2011,479.42,346.68,823.08
5/31/2011,482.37,348.8,828.13
6/1/2011,477.57,345.33,819.88
6/2/2011,476.79,344.77,818.56
6/3/2011,479.03,346.38,822.39
6/6/2011,475.42,343.78,816.2
6/7/2011,477.33,345.16,819.81
6/8/2011,480.04,347.12,824.77
6/9/2011,483.45,349.58,830.95
6/10/2011,479.52,346.74,824.52
6/13/2011,475.75,344.01,818.4
6/14/2011,478.42,345.94,823
6/15/2011,468.33,338.65,805.64
6/16/2011,464.06,335.56,798.29
6/17/2011,462.96,334.76,796.39
6/20/2011,461.86,333.96,794.5
6/21/2011,464.12,335.6,798.39
6/22/2011,463.73,335.32,797.72
6/23/2011,453.67,328.04,780.4
6/24/2011,451.88,326.75,777.33
6/27/2011,449.5,325.02,773.23
6/28/2011,457.45,330.77,786.91
6/29/2011,464.95,336.2,799.81
6/30/2011,461.89,333.98,794.55
7/1/2011,458.49,331.53,788.7
7/5/2011,465.89,336.87,801.42
7/6/2011,464.74,336.05,799.45
7/7/2011,474.46,343.07,816.17
7/8/2011,473.04,342.04,814.15
7/11/2011,468.81,338.98,806.62
7/12/2011,474.86,343.36,817.9
7/13/2011,481.6,348.23,829.84
7/14/2011,477.2,345.05,822.22
7/15/2011,478.73,346.15,824.86
7/18/2011,476.47,344.52,821.18
7/19/2011,481.29,348.01,829.49
7/20/2011,480.36,347.33,827.88
7/21/2011,478.69,346.12,825
7/22/2011,483.51,349.61,833.3
7/25/2011,481.16,347.91,829.26
7/26/2011,485.54,351.08,836.81
7/27/2011,484.02,349.98,834.19
7/28/2011,482.28,348.72,831.19
7/29/2011,478.95,346.31,825.44
8/1/2011,477.24,345.07,822.5
8/2/2011,480.19,347.21,827.58
8/3/2011,473.91,342.66,816.74
8/4/2011,461.75,333.87,795.79
8/5/2011,457.09,330.5,787.79
8/8/2011,444.81,321.62,766.62
8/9/2011,443.32,320.54,764.02
8/10/2011,448.27,324.12,772.47
8/11/2011,456.68,330.2,786.88
8/12/2011,456.97,330.41,787.37
8/15/2011,460.87,333.22,794.08
8/16/2011,461.34,333.57,794.9
8/17/2011,465.99,336.93,802.91
8/18/2011,456.16,329.82,785.97
8/19/2011,461.67,333.8,795.46
8/22/2011,462.81,334.62,797.41
8/23/2011,466.42,337.23,803.64
8/24/2011,463.1,334.83,797.92
8/25/2011,465.94,336.89,802.82
8/26/2011,471.27,340.74,811.99
8/29/2011,472.57,341.68,814.24
8/30/2011,477.99,345.6,823.58
8/31/2011,480.01,347.06,827.06
9/1/2011,474.54,343.1,817.62
9/2/2011,473.09,342.06,815.13
9/6/2011,468.27,338.57,806.82
9/7/2011,473.69,342.49,816.16
9/8/2011,473.74,342.53,816.48
9/9/2011,465.66,336.68,802.81
9/12/2011,464.31,335.71,800.74
9/13/2011,463.31,334.98,799.27
9/14/2011,461.49,333.67,796.4
9/15/2011,461.28,333.52,796.04
9/16/2011,458.38,331.42,791.02
9/19/2011,449.29,324.85,775.34
9/20/2011,451.3,326.3,778.81
9/21/2011,447.64,323.65,772.5
9/22/2011,426.18,308.14,735.47
9/23/2011,416.6,301.21,718.93
9/26/2011,416.27,300.97,718.35
9/27/2011,427.69,309.23,738.07
9/28/2011,417.73,302.03,720.88
9/29/2011,420.28,303.87,725.27
9/30/2011,409.02,295.73,705.84
10/3/2011,409.02,295.73,705.84
10/4/2011,402.7,291.16,694.94
10/5/2011,409.13,295.8,706.03
10/6/2011,416.93,301.45,719.49
10/7/2011,416.7,301.28,719.79
10/10/2011,423.58,306.25,732.55
10/11/2011,426.86,308.63,739.58
10/12/2011,428.48,309.8,742.69
10/13/2011,426.25,308.18,739.53
10/14/2011,433.7,313.57,752.47
10/17/2011,431.23,311.78,748.18
10/18/2011,430.87,311.52,747.56
10/19/2011,425.23,307.45,737.78
10/20/2011,420.27,303.86,729.17
10/21/2011,425.79,307.85,738.74
10/24/2011,435.02,314.52,754.75
10/25/2011,436.14,315.33,756.7
10/26/2011,431.75,312.16,749.08
10/27/2011,443.63,320.75,769.69
10/28/2011,442.34,319.82,767.45
10/31/2011,437.81,316.54,759.58
11/1/2011,431.46,311.95,748.57
11/2/2011,433.06,313.11,751.35
11/3/2011,437.82,316.55,759.61
11/4/2011,438.6,317.11,760.96
11/7/2011,440.45,318.44,764.11
11/8/2011,442.95,320.25,768.42
11/9/2011,437.28,316.15,758.58
11/10/2011,435.75,315.04,755.89
11/11/2011,438.39,316.96,760.44
11/14/2011,436.37,315.49,756.93
11/15/2011,438.7,317.18,760.97
11/16/2011,440.13,318.22,763.46
11/17/2011,428.81,310.03,743.82
11/18/2011,427.29,308.93,741.19
11/21/2011,421.38,304.66,730.92
11/22/2011,424.65,307.02,736.6
11/23/2011,418.82,302.8,726.48
11/25/2011,416.16,300.88,721.88
11/28/2011,421.49,304.73,731.11
11/29/2011,425.1,307.34,737.38
11/30/2011,431.24,311.79,748.03
12/1/2011,428.81,310.03,743.82
12/2/2011,430.93,311.56,747.5
12/5/2011,430.19,311.02,746.2
12/6/2011,430.89,311.53,747.42
12/7/2011,427.29,308.93,741.6
12/8/2011,423.8,306.41,735.99
12/9/2011,423.65,306.3,736.19
12/12/2011,417.54,301.88,726.01
12/13/2011,420.2,303.8,731.09
12/14/2011,405.09,292.88,704.8
12/15/2011,404.34,292.33,703.49
12/16/2011,406.06,293.58,706.48
12/19/2011,406.8,294.11,707.77
12/20/2011,414.09,299.38,720.45
12/21/2011,416.5,301.13,724.65
12/22/2011,418.69,302.71,728.46
12/23/2011,419.33,303.17,729.57
12/27/2011,422.53,305.49,735.14
12/28/2011,418.03,302.23,727.31
12/29/2011,417.47,301.83,726.33
12/30/2011,419.88,303.57,730.52
1/3/2012,430.88,311.52,749.66
1/4/2012,431.4,311.89,750.56
1/5/2012,425.87,307.9,740.93
1/6/2012,426.28,308.2,741.66
1/9/2012,428.03,309.46,745.49
1/10/2012,432.67,312.82,754.45
1/11/2012,431.29,311.82,752.97
1/12/2012,427.77,309.27,747.39
1/13/2012,424.97,307.25,744.28
1/17/2012,430.6,311.32,754.15
1/18/2012,429.52,310.54,752.25
1/19/2012,433.08,313.11,758.48
1/20/2012,431.25,311.79,755.29
1/23/2012,436.2,315.37,763.95
1/24/2012,437.76,316.5,766.69
1/25/2012,440.57,318.52,771.59
1/26/2012,444.33,321.24,778.19
1/27/2012,444.29,321.21,778.12
1/30/2012,440.29,318.32,771.1
1/31/2012,439.48,317.74,769.69
2/1/2012,441.8,319.41,773.75
2/2/2012,439.45,317.71,769.64
2/3/2012,444.21,321.15,777.97
2/6/2012,445.03,321.75,779.4
2/7/2012,446.08,322.5,781.78
2/8/2012,446.01,322.45,782.15
2/9/2012,448.35,324.14,786.77
2/10/2012,441.67,319.31,775.61
2/13/2012,443.08,320.33,778.61
2/14/2012,441.23,318.99,775.36
2/15/2012,441.49,319.18,775.82
2/16/2012,441.91,319.48,776.55
2/17/2012,442.12,319.63,776.93
2/21/2012,449.45,324.93,789.79
2/22/2012,451.53,326.43,793.45
2/23/2012,452.65,327.24,795.42
2/24/2012,456.49,330.02,802.16
2/27/2012,456.4,329.95,802
2/28/2012,455.8,329.51,800.93
2/29/2012,452.35,327.02,794.88
3/1/2012,456.35,329.9,801.9
3/2/2012,453.43,327.8,796.77
3/5/2012,451.04,326.06,792.55
3/6/2012,443.19,320.39,778.76
3/7/2012,443.13,320.35,778.99
3/8/2012,445.55,322.1,783.54
3/9/2012,448.67,324.35,789.25
3/12/2012,447.67,323.62,787.63
3/13/2012,450.76,325.86,793.25
3/14/2012,446.81,323,786.3
3/15/2012,448.35,324.11,789
3/16/2012,450.21,325.46,792.27
3/19/2012,450.84,325.91,793.37
3/20/2012,444.48,321.31,782.17
3/21/2012,444.07,321.01,781.46
3/22/2012,439.97,318.04,774.23
3/23/2012,443.45,320.56,780.35
3/26/2012,445.3,321.9,783.61
3/27/2012,444.26,321.15,781.79
3/28/2012,438.65,317.09,771.9
3/29/2012,432.94,312.96,761.86
3/30/2012,438.89,317.26,772.32
4/2/2012,444.55,321.35,782.28
4/3/2012,443.67,320.71,780.72
4/4/2012,434.57,314.13,764.71
4/5/2012,437.38,316.16,769.65
4/9/2012,435.63,314.9,767.62
4/10/2012,428.63,309.84,754.91
4/11/2012,430.5,311.19,758.48
4/12/2012,436.51,315.53,769.26
4/13/2012,430.79,311.39,759.33
4/16/2012,426.63,308.39,752.12
4/17/2012,428.26,309.56,754.98
4/18/2012,424.33,306.72,748.06
4/19/2012,426.38,308.21,751.67
4/20/2012,428.15,309.48,754.78
4/23/2012,426.27,308.12,751.47
4/24/2012,427.02,308.66,752.78
4/25/2012,427.77,309.2,754.1
4/26/2012,431.35,311.79,760.41
4/27/2012,433.92,313.65,764.95
4/30/2012,434.48,314.05,765.92
5/1/2012,434.91,314.36,766.68
5/2/2012,428.21,309.52,754.87
5/3/2012,424.93,307.15,749.09
5/4/2012,420.6,304.02,741.45
5/7/2012,419.99,303.57,738.48
5/8/2012,417.13,301.51,731.76
5/9/2012,415.37,300.23,726.93
5/10/2012,415.02,299.98,724.82
5/11/2012,411.7,297.57,717.45
5/14/2012,407.53,294.56,710.19
5/15/2012,408.32,295.13,711.57
5/16/2012,407.73,294.71,710.54
5/17/2012,408.47,295.24,711.82
5/18/2012,410.02,296.36,714.53
5/21/2012,411.47,297.4,717.03
5/22/2012,407.91,294.83,710.83
5/23/2012,400.8,289.69,698.45
5/24/2012,402.64,291.02,701.65
5/25/2012,404.6,292.44,705.07
5/29/2012,402.48,290.9,701.36
5/30/2012,397,286.94,691.81
5/31/2012,393.98,284.76,686.55
6/1/2012,388.03,280.45,676.17
6/4/2012,389.73,281.68,679.13
6/5/2012,389.02,281.17,677.89
6/6/2012,393.46,284.38,685.63
6/7/2012,395.44,285.8,689.02
6/8/2012,393.29,284.25,685.16
6/11/2012,392.38,283.59,683.45
6/12/2012,390.96,282.56,680.87
6/13/2012,388.92,281.09,677.22
6/14/2012,390.23,282.04,679.51
6/15/2012,390.52,282.24,680.01
6/18/2012,392.05,283.35,682.66
6/19/2012,397.07,286.97,691.4
6/20/2012,393.71,284.55,685.55
6/21/2012,384.31,277.75,669.17
6/22/2012,384.83,278.13,670.09
6/25/2012,390.24,282.03,679.49
6/26/2012,392.32,283.53,683.11
6/27/2012,394.87,285.38,687.56
6/28/2012,391.52,282.96,681.72
6/29/2012,406.38,293.7,707.59
7/2/2012,407.18,294.27,708.98
7/3/2012,418.79,302.66,729.2
7/5/2012,420.14,303.64,731.55
7/6/2012,411.52,297.4,716.53
7/9/2012,418.85,302.7,729.05
7/10/2012,413.86,299.09,720.06
7/11/2012,415.43,300.23,722.6
7/12/2012,416.92,301.3,724.99
7/13/2012,421.73,304.78,733.06
7/16/2012,426.85,308.48,741.94
7/17/2012,426.03,307.88,740.52
7/18/2012,430.37,311.02,748.07
7/19/2012,436.95,315.77,759.5
7/20/2012,435.61,314.81,757.17
7/23/2012,426.53,308.24,741.38
7/24/2012,423.73,306.22,736.51
7/25/2012,427.07,308.63,742.3
7/26/2012,426.92,308.52,742.04
7/27/2012,431.43,311.78,749.89
7/30/2012,434.87,314.26,755.85
7/31/2012,430.24,310.92,747.82
8/1/2012,428.35,309.55,744.52
8/2/2012,423.48,306.03,736.06
8/3/2012,431.53,311.84,750.04
8/6/2012,432.85,312.79,752.33
8/7/2012,435.81,314.93,757.76
8/8/2012,437.47,316.13,760.94
8/9/2012,439.05,317.27,763.98
8/10/2012,435.31,314.57,757.81
8/13/2012,431.73,311.98,751.92
8/14/2012,431.84,312.06,752.12
8/15/2012,434.15,313.72,756.13
8/16/2012,436.72,315.58,760.61
8/17/2012,438.15,316.62,763.11
8/20/2012,439.77,317.78,765.92
8/21/2012,444.95,321.53,774.94
8/22/2012,445.27,321.76,775.5
8/23/2012,445.43,321.87,775.77
8/24/2012,443.88,320.75,773.06
8/27/2012,442.52,319.76,770.69
8/28/2012,442.14,319.49,770.04
8/29/2012,443.36,320.37,772.15
8/30/2012,442.02,319.4,769.81
8/31/2012,445.48,321.9,775.84
9/4/2012,446.19,322.41,777.07
9/5/2012,444.46,321.15,774.04
9/6/2012,446.44,322.58,777.49
9/7/2012,451.67,326.36,786.6
9/10/2012,452.93,327.27,788.9
9/11/2012,454.17,328.17,791.11
9/12/2012,455.31,328.99,793.19
9/13/2012,458.24,331.1,798.43
9/14/2012,465.81,336.57,811.73
9/17/2012,457.03,330.23,796.44
9/18/2012,453.25,327.49,789.83
9/19/2012,449.93,325.1,784.06
9/20/2012,448.81,324.29,782.1
9/21/2012,452.1,326.66,787.82
9/24/2012,448.1,323.77,780.85
9/25/2012,449.89,325.06,783.97
9/26/2012,443.92,320.75,773.57
9/27/2012,447.77,323.52,780.26
9/28/2012,452.42,326.88,788.37
10/1/2012,453.95,327.99,791.03
10/2/2012,452.53,326.97,788.56
10/3/2012,447.33,323.2,779.48
10/4/2012,452.64,327.04,788.73
10/5/2012,450.06,325.18,784.85
10/8/2012,447.45,323.29,780.97
10/9/2012,449.85,325.02,785.84
10/10/2012,448.28,323.89,783.75
10/11/2012,452.44,326.89,791.61
10/12/2012,446.63,322.69,781.53
10/15/2012,443.47,320.41,776
10/16/2012,444.42,321.09,777.66
10/17/2012,446.86,322.85,781.91
10/18/2012,448.02,323.69,783.95
10/19/2012,443.1,320.13,775.33
10/22/2012,439.8,317.74,769.55
10/23/2012,434.78,314.12,760.76
10/24/2012,434.16,313.67,759.68
10/25/2012,433.35,313.09,758.26
10/26/2012,433.08,312.89,757.8
10/29/2012,430.85,311.27,753.87
10/30/2012,431.58,311.8,755.15
10/31/2012,433.43,313.13,758.38
11/1/2012,434.63,314.01,760.49
11/2/2012,427.54,308.88,748.08
11/5/2012,427.82,309.08,748.56
11/6/2012,434.67,314.02,760.54
11/7/2012,429.69,310.43,751.89
11/8/2012,430.92,311.31,754.1
11/9/2012,430.66,311.13,753.71
11/12/2012,429.72,310.45,752.14
11/13/2012,429.34,310.17,751.55
11/14/2012,430.81,311.23,754.12
11/15/2012,429.2,310.07,751.3
11/16/2012,429.1,309.99,751.11
11/19/2012,436.97,315.68,764.88
11/20/2012,434.82,314.12,761.12
11/21/2012,435.23,314.42,761.83
11/23/2012,438.23,316.58,767.08
11/26/2012,437.47,316.03,765.74
11/27/2012,439.09,317.2,768.57
11/28/2012,437.26,315.88,765.37
11/29/2012,441.28,318.78,772.41
11/30/2012,441.06,318.63,772.03
12/3/2012,442.02,319.31,773.69
12/4/2012,438.43,316.72,767.41
12/5/2012,439.09,317.19,768.56
12/6/2012,435.87,314.87,762.92
12/7/2012,434.17,313.64,760.61
12/10/2012,434.81,314.1,762.38
12/11/2012,434.05,313.55,761.69
12/12/2012,436.12,315.04,765.93
12/13/2012,432.59,312.5,760.34
12/14/2012,435.41,314.53,765.28
12/17/2012,434.79,314.08,764.19
12/18/2012,434.95,314.19,764.46
12/19/2012,434.5,313.87,763.69
12/20/2012,431.35,311.6,758.15
12/21/2012,431.31,311.56,758.06
12/24/2012,430.34,310.86,756.37
12/26/2012,432.1,312.13,759.45
12/27/2012,432.61,312.5,760.35
12/28/2012,431.36,311.59,758.15
12/31/2012,432.1,312.13,759.45
1/2/2013,437,315.66,768.05
1/3/2013,434.43,313.81,763.54
1/4/2013,430.33,310.84,756.32
1/7/2013,431.24,311.5,757.93
1/8/2013,432.19,312.19,760.2
1/9/2013,431.49,311.68,759.57
1/10/2013,434.04,313.53,764.65
1/11/2013,432.39,312.33,762.29
1/14/2013,434.82,314.08,767.14
1/15/2013,434.95,314.18,767.37
1/16/2013,434.69,313.99,766.92
1/17/2013,436.7,315.44,770.46
1/18/2013,438.05,316.41,772.84
1/22/2013,439.78,317.66,775.88
1/23/2013,439.36,317.36,775.14
1/24/2013,439.55,317.49,775.47
1/25/2013,437.81,316.24,772.41
1/28/2013,439.59,317.52,775.54
1/29/2013,442.28,319.46,780.27
1/30/2013,447.57,323.28,789.61
1/31/2013,446.23,322.31,787.25
2/1/2013,448.58,324.01,791.4
2/4/2013,446.86,322.77,788.36
2/5/2013,447.21,323.02,788.97
2/6/2013,445.79,321.99,786.46
2/7/2013,443.59,320.4,782.83
2/8/2013,445.17,321.54,785.9
2/11/2013,442.87,319.88,782.13
2/12/2013,442.86,319.87,782.43
2/13/2013,442.74,319.79,782.54
2/14/2013,442.22,319.41,781.61
2/15/2013,441.28,318.73,779.96
2/19/2013,438.63,316.81,775.26
2/20/2013,435.54,314.58,769.81
2/21/2013,429.66,310.34,759.41
2/22/2013,428.81,309.72,757.91
2/25/2013,428.67,309.61,757.64
2/26/2013,427.84,309.01,756.17
2/27/2013,426.48,308.03,753.78
2/28/2013,425.58,307.38,752.18
3/1/2013,422.58,305.21,746.87
3/4/2013,421.44,304.38,744.84
3/5/2013,423.76,306.06,748.94
3/6/2013,420.13,303.44,742.53
3/7/2013,423.6,305.94,748.34
3/8/2013,424.44,306.55,749.37
3/11/2013,424.72,306.75,749.5
3/12/2013,426.26,307.86,751.87
3/13/2013,424.75,306.77,748.92
3/14/2013,426.51,308.04,752.01
3/15/2013,426.23,307.83,751.51
3/18/2013,423.28,305.7,746.3
3/19/2013,421.3,304.27,742.81
3/20/2013,424.36,306.48,748.21
3/21/2013,423.22,305.66,746.2
3/22/2013,423.85,306.11,747.31
3/25/2013,424.29,306.43,748.08
3/26/2013,425.23,307.1,749.74
3/27/2013,426.92,308.32,752.71
3/28/2013,422.34,305.01,744.64
4/1/2013,419.28,302.8,739.24
4/2/2013,417.32,301.38,735.77
4/3/2013,412.93,298.21,728.03
4/4/2013,410.97,296.8,724.57
4/5/2013,409.25,295.55,721.7
4/8/2013,411.37,297.08,725.58
4/9/2013,414.83,299.59,731.88
4/10/2013,413.28,298.46,729.32
4/11/2013,412.43,297.85,728.06
4/12/2013,407.33,294.17,719.06
4/15/2013,397.47,287.04,701.64
4/16/2013,400.68,289.36,707.31
4/17/2013,396.48,286.33,699.9
4/18/2013,397.97,287.4,702.53
4/19/2013,397.52,287.08,701.73
4/22/2013,397.21,286.85,701.17
4/23/2013,395.15,285.36,697.53
4/24/2013,398.9,288.07,704.16
4/25/2013,405.36,292.74,715.56
4/26/2013,401.94,290.27,709.52
4/29/2013,408.14,294.75,720.47
4/30/2013,405.5,292.84,715.81
5/1/2013,397.31,286.92,701.34
5/2/2013,401.67,290.07,709.04
5/3/2013,408.08,294.7,720.35
5/6/2013,406.93,293.87,718.32
5/7/2013,406.2,293.34,715.03
5/8/2013,408.3,294.86,716.67
5/9/2013,409.21,295.51,716.07
5/10/2013,405.27,292.67,707
5/13/2013,405.84,293.08,705.67
5/14/2013,403.76,291.58,702.05
5/15/2013,400.84,289.47,696.97
5/16/2013,401.9,290.23,698.81
5/17/2013,402.67,290.78,700.15
5/20/2013,404.9,292.4,704.03
5/21/2013,403.08,291.08,700.86
5/22/2013,403.28,291.22,701.2
5/23/2013,401.89,290.22,698.78
5/24/2013,402.02,290.32,699.02
5/28/2013,405.38,292.74,704.86
5/29/2013,404.29,291.95,702.96
5/30/2013,405.06,292.51,704.29
5/31/2013,403.44,291.34,701.48
6/3/2013,406.63,293.64,707.01
6/4/2013,407.96,294.6,709.34
6/5/2013,407.28,294.11,708.14
6/6/2013,407.34,294.15,708.25
6/7/2013,407.35,294.16,708.07
6/10/2013,404.9,292.39,703.57
6/11/2013,402.44,290.61,699.01
6/12/2013,402.74,290.83,699.26
6/13/2013,402.47,290.63,698.5
6/14/2013,404.71,292.25,702.39
6/17/2013,404.59,292.16,702.18
6/18/2013,404.84,292.34,702.62
6/19/2013,407.35,294.15,706.97
6/20/2013,396.25,286.13,687.7
6/21/2013,394.6,284.95,684.84
6/24/2013,391.58,282.76,679.6
6/25/2013,393.58,284.21,683.06
6/26/2013,391.05,282.38,678.68
6/27/2013,392.51,283.44,681.22
6/28/2013,389.82,281.49,676.53
7/1/2013,393.33,284.02,682.62
7/2/2013,394.35,284.76,684.39
7/3/2013,397.28,286.88,689.48
7/5/2013,394.54,284.9,684.72
7/8/2013,397.13,286.76,688.5
7/9/2013,398.58,287.81,690.36
7/10/2013,402.19,290.42,695.73
7/11/2013,403.93,291.68,697.98
7/12/2013,403.52,291.38,696.32
7/15/2013,402.34,290.53,694.29
7/16/2013,404.47,292.06,697.95
7/17/2013,402.52,290.65,694.59
7/18/2013,404,291.72,697.15
7/19/2013,404.51,292.09,698.03
7/22/2013,405.98,293.15,700.56
7/23/2013,405.34,292.69,699.45
7/24/2013,403.36,291.26,696.03
7/25/2013,402.09,290.34,693.84
7/26/2013,398.93,288.06,688.39
7/29/2013,398.87,288.01,688.28
7/30/2013,396.09,286.01,683.49
7/31/2013,399.6,288.55,689.55
8/1/2013,401.69,290.05,693.15
8/2/2013,400.96,289.52,691.89
8/5/2013,399.13,288.2,688.72
8/6/2013,397.12,286.75,685.25
8/7/2013,396.08,286,683.54
8/8/2013,399.35,288.36,689.2
8/9/2013,402.5,290.63,694.62
8/12/2013,406.14,293.26,700.92
8/13/2013,406.08,293.22,700.79
8/14/2013,408.54,294.99,705.03
8/15/2013,412.01,297.5,711.02
8/16/2013,413.67,298.7,713.89
8/19/2013,413.83,298.81,714.16
8/20/2013,411.84,297.38,710.73
8/21/2013,409.69,295.82,707.02
8/22/2013,408.79,295.17,705.46
8/23/2013,412.44,297.8,711.75
8/26/2013,415.75,300.2,717.47
8/27/2013,418.17,301.94,721.65
8/28/2013,418.34,302.07,721.94
8/29/2013,415.44,299.97,716.93
8/30/2013,411.94,297.44,710.89
9/3/2013,413.91,298.86,714.29
9/4/2013,410.17,296.16,707.82
9/5/2013,409.41,295.61,706.52
9/6/2013,413.42,298.51,713.44
9/9/2013,411.18,296.89,709.41
9/10/2013,407.85,294.48,703.52
9/11/2013,408.44,294.91,704.4
9/12/2013,408.83,295.19,704.88
9/13/2013,406.43,293.46,700.54
9/16/2013,404.92,292.37,697.92
9/17/2013,401.78,290.1,692.51
9/18/2013,405.58,292.84,699.06
9/19/2013,409.51,295.68,705.84
9/20/2013,404.63,292.16,697.42
9/23/2013,403.45,291.31,695.39
9/24/2013,402.14,290.36,693.13
9/25/2013,404.57,292.11,697.31
9/26/2013,406.18,293.28,700.09
9/27/2013,407,293.87,701.51
9/30/2013,404.78,292.26,697.67
10/1/2013,401.42,289.84,691.89
10/2/2013,405.34,292.67,698.65
10/3/2013,404.21,291.86,696.7
10/4/2013,405.68,292.91,699.22
10/7/2013,407.1,293.94,702.34
10/8/2013,407.83,294.47,704.25
10/9/2013,404.03,291.72,698.39
10/10/2013,406.84,293.75,703.97
10/11/2013,405.84,293.03,702.96
10/14/2013,406.99,293.86,704.94
10/15/2013,405.82,293.01,702.92
10/16/2013,407.9,294.51,706.51
10/17/2013,406.77,293.7,704.57
10/18/2013,408.65,295.05,707.81
10/21/2013,407.98,294.57,706.65
10/22/2013,409.17,295.43,708.71
10/23/2013,404.63,292.15,700.85
10/24/2013,404.59,292.12,700.78
10/25/2013,405.2,292.56,701.83
10/28/2013,405.97,293.11,703.16
10/29/2013,405.11,292.49,701.67
10/30/2013,405.57,292.83,702.47
10/31/2013,401.85,290.14,696.02
11/1/2013,398.04,287.39,689.43
11/4/2013,396.1,285.99,686.07
11/5/2013,394.74,285.01,683.71
11/6/2013,394.95,285.16,684.07
11/7/2013,393.38,284.02,681.41
11/8/2013,394.75,285.01,683.85
11/11/2013,395.61,285.63,685.38
11/12/2013,393.19,283.88,681.26
11/13/2013,393.02,283.76,681.03
11/14/2013,393.96,284.44,682.66
11/15/2013,393.89,284.39,682.53
11/18/2013,391.52,282.67,678.41
11/19/2013,391.19,282.44,677.85
11/20/2013,391.62,282.74,678.59
11/21/2013,393.96,284.43,682.65
11/22/2013,395.47,285.52,685.26
11/25/2013,395.01,285.19,684.46
11/26/2013,394.65,284.92,683.82
11/27/2013,393.65,284.2,682.09
11/29/2013,394.76,285.01,684.02
12/2/2013,393.65,284.2,682.08
12/3/2013,395.25,285.35,684.86
12/4/2013,398,287.34,689.63
12/5/2013,396.42,286.2,686.88
12/6/2013,397.51,286.99,689.06
12/9/2013,397.66,287.09,689.6
12/10/2013,398.6,287.77,691.51
12/11/2013,399.64,288.52,693.62
12/12/2013,396.93,286.56,689.22
12/13/2013,396.24,286.06,688.02
12/16/2013,397.66,287.09,690.48
12/17/2013,396.39,286.17,688.28
12/18/2013,397.09,286.68,689.49
12/19/2013,397.31,286.83,689.86
12/20/2013,400.63,289.23,695.64
12/23/2013,399.66,288.53,693.94
12/24/2013,400.52,289.15,695.44
12/26/2013,400.49,289.13,695.38
12/27/2013,403.19,291.07,700.07
12/30/2013,400.81,289.35,695.93
12/31/2013,398.54,287.72,692
1/2/2014,395.86,285.78,687.33
1/3/2014,393.33,283.95,682.94
1/6/2014,393.45,284.04,683.14
1/7/2014,393.34,283.96,682.95
1/8/2014,390.75,282.09,678.9
1/9/2014,387.41,279.68,673.56
1/10/2014,390.75,282.08,679.81
1/13/2014,392.06,283.03,682.45
1/14/2014,392.13,283.08,682.92
1/15/2014,393.92,284.37,686.04
1/16/2014,394.01,284.44,686.19
1/17/2014,394.82,285.02,687.6
1/21/2014,394.52,284.81,687.08
1/22/2014,395.92,285.82,689.52
1/23/2014,395.4,285.44,688.6
1/24/2014,394.97,285.13,687.85
1/27/2014,392.55,283.38,683.64
1/28/2014,393.71,284.22,685.66
1/29/2014,393.17,283.83,684.73
1/30/2014,392.66,283.46,683.83
1/31/2014,391.83,282.86,682.38
2/3/2014,391.01,282.26,680.95
2/4/2014,393.26,283.89,684.87
2/5/2014,394.61,284.86,687.22
2/6/2014,396.36,286.12,690.27
2/7/2014,399.65,288.5,695.88
2/10/2014,398.81,287.89,694.31
2/11/2014,399.97,288.73,696.21
2/12/2014,401.48,289.82,698.66
2/13/2014,402.32,290.42,699.87
2/14/2014,404.33,291.88,703.37
2/18/2014,409.87,295.87,713
2/19/2014,411.39,296.97,715.65
2/20/2014,410.8,296.54,714.61
2/21/2014,410.26,296.16,713.68
2/24/2014,411.36,296.94,715.58
2/25/2014,410.81,296.55,714.62
2/26/2014,410.11,296.04,713.4
2/27/2014,409.21,295.39,711.84
2/28/2014,410.92,296.63,714.82
3/3/2014,415.38,299.85,722.57
3/4/2014,417.16,301.13,725.67
3/5/2014,415.78,300.13,723.27
3/6/2014,417.97,301.72,727.08
3/7/2014,416.49,300.64,724.27
3/10/2014,413.67,298.61,719.21
3/11/2014,412.76,297.95,717.49
3/12/2014,412.83,298,717.5
3/13/2014,411.66,297.15,715.39
3/14/2014,413.7,298.63,718.94
3/17/2014,411.2,296.82,714.59
3/18/2014,414.1,298.92,719.64
3/19/2014,415.05,299.6,721.29
3/20/2014,411.03,296.69,714.29
3/21/2014,411.36,296.94,714.87
3/24/2014,412.07,297.45,716.1
3/25/2014,413.54,298.51,718.65
3/26/2014,412.35,297.64,716.58
3/27/2014,415.73,300.09,722.46
3/28/2014,416.62,300.73,724
3/31/2014,416.34,300.52,723.51
4/1/2014,413.97,298.82,719.4
4/2/2014,412.22,297.55,716.35
4/3/2014,414.27,299.03,719.91
4/4/2014,415.02,299.57,721.22
4/7/2014,414.74,299.37,720.69
4/8/2014,418.37,301.99,727.22
4/9/2014,419.54,302.83,733.63
4/10/2014,420.57,303.58,731.51
4/11/2014,419.32,302.68,729.41
4/14/2014,422.04,304.64,734.13
4/15/2014,420.55,303.56,731.54
4/16/2014,421.62,304.33,733.4
4/17/2014,423.09,305.39,735.96
4/21/2014,421.15,303.99,732.58
4/22/2014,421.54,304.27,733.26
4/23/2014,421.86,304.5,733.81
4/24/2014,423.69,305.82,736.99
4/25/2014,423.45,305.65,736.57
4/28/2014,423.13,305.42,736.02
4/29/2014,425.16,306.88,739.54
4/30/2014,422.52,304.98,734.96
5/1/2014,417.91,301.65,726.95
5/2/2014,419.29,302.65,729.34
5/5/2014,419.75,302.98,730.14
5/6/2014,421.04,303.91,732.38
5/7/2014,419.32,302.67,729.26
5/8/2014,419.05,302.47,728.67
5/9/2014,417.91,301.65,726.59
5/12/2014,418.86,302.34,728.18
5/13/2014,419.77,302.99,729.7
5/14/2014,421.18,304.01,732.15
5/15/2014,418.23,301.88,727.02
5/16/2014,417.15,301.1,725.14
5/19/2014,419.01,302.44,728.37
5/20/2014,418.51,302.08,727.51
5/21/2014,419.24,302.61,728.77
5/22/2014,419.43,302.75,729.11
5/23/2014,420.23,303.32,730.49
5/27/2014,417.62,301.44,725.96
5/28/2014,417.82,301.58,726.3
5/29/2014,417.48,301.34,725.71
5/30/2014,414.89,299.46,721.2
6/2/2014,415.7,300.05,722.61
6/3/2014,414.27,299.01,720.12
6/4/2014,413.08,298.16,718.06
6/5/2014,412.89,298.02,717.73
6/6/2014,413.65,298.57,716.35
6/9/2014,414.52,299.2,715.16
6/10/2014,413.09,298.16,709.98
6/11/2014,411.76,297.2,705.14
6/12/2014,415.76,300.09,709.71
6/13/2014,417.18,301.12,712.14
6/16/2014,417.23,301.15,712.2
6/17/2014,417.02,301,711.85
6/18/2014,417.57,301.39,712.79
6/19/2014,421.59,304.3,719.66
6/20/2014,422.83,305.19,721.77
6/23/2014,421.61,304.31,719.69
6/24/2014,422.08,304.65,720.49
6/25/2014,422.9,305.24,721.88
6/26/2014,422.3,304.81,720.87
6/27/2014,421.27,304.06,719.1
6/30/2014,417.29,301.19,712.3
7/1/2014,416.35,300.51,710.7
7/2/2014,416.39,300.54,710.76
7/3/2014,416.2,300.4,710.44
7/7/2014,411.5,297,702.41
7/8/2014,410.74,296.46,700.84
7/9/2014,408.26,294.67,696.3
7/10/2014,407.56,294.16,694.82
7/11/2014,404.23,291.76,688.5
7/14/2014,404.25,291.78,688.19
7/15/2014,402.16,290.26,684.62
7/16/2014,403.52,291.24,686.94
7/17/2014,404.25,291.78,688.19
7/18/2014,401.45,289.75,683.41
7/21/2014,401.58,289.84,683.63
7/22/2014,399.73,288.51,680.48
7/23/2014,401.13,289.52,682.88
7/24/2014,401.21,289.58,683
7/25/2014,401.86,290.04,684.1
7/28/2014,402.39,290.43,685.01
7/29/2014,399.93,288.65,680.82
7/30/2014,399.22,288.14,679.61
7/31/2014,396.99,286.53,675.82
8/1/2014,394.26,284.56,671.16
8/4/2014,397.39,286.82,676.49
8/5/2014,395.19,285.23,672.74
8/6/2014,397.83,287.13,677.24
8/7/2014,397,286.53,676.28
8/8/2014,396.1,285.89,675.17
8/11/2014,396.8,286.39,676.78
8/12/2014,394.53,284.75,673.31
8/13/2014,392.47,283.26,670.29
8/14/2014,390.42,281.78,666.79
8/15/2014,391.08,282.26,667.92
8/18/2014,389.32,280.99,664.91
8/19/2014,388.98,280.74,664.33
8/20/2014,389.7,281.27,665.57
8/21/2014,390.37,281.75,666.7
8/22/2014,390.54,281.87,667
8/25/2014,390.11,281.56,666.26
8/26/2014,390.97,282.18,667.72
8/27/2014,391.31,282.43,668.31
8/28/2014,392.36,283.18,670.1
8/29/2014,393.34,283.89,671.78
9/2/2014,388.65,280.5,663.76
9/3/2014,388.26,280.22,663.1
9/4/2014,386.09,278.66,659.4
9/5/2014,386.76,279.14,660.53
9/8/2014,384.95,277.83,658.02
9/9/2014,382.23,275.87,653.89
9/10/2014,380.24,274.43,651
9/11/2014,377.36,272.35,646.56
9/12/2014,376.17,271.49,645.09
9/15/2014,376.7,271.88,646
9/16/2014,379.33,273.77,650.5
9/17/2014,378.96,273.51,649.87
9/18/2014,374.31,270.15,641.91
9/19/2014,371.35,268.01,636.81
9/22/2014,368.4,265.88,631.76
9/23/2014,368.13,265.69,631.29
9/24/2014,370.7,267.55,635.71
9/25/2014,369.13,266.41,633.01
9/26/2014,369.35,266.57,633.39
9/29/2014,372.9,269.13,639.48
9/30/2014,367.48,265.22,630.18
10/1/2014,366.46,264.49,628.44
10/2/2014,365.23,263.59,626.32
10/3/2014,364.56,263.11,625.17
10/6/2014,368.81,266.18,632.46
10/7/2014,369.42,266.62,633.75
10/8/2014,366.47,264.49,628.99
10/9/2014,366.43,264.46,629.13
10/10/2014,363.85,262.6,624.9
10/13/2014,367.1,264.95,630.72
10/14/2014,365.21,263.58,627.46
10/15/2014,361.02,260.55,620.26
10/16/2014,362.75,261.81,623.24
10/17/2014,362.78,261.83,623.29
10/20/2014,360.51,260.18,619.38
10/21/2014,364.11,262.79,625.58
10/22/2014,361.4,260.83,620.93
10/23/2014,364.31,262.93,625.92
10/24/2014,361.52,260.92,621.12
10/27/2014,363.2,262.13,624.01
10/28/2014,365.9,264.07,628.64
10/29/2014,370.51,267.41,636.58
10/30/2014,366.88,264.78,630.33
10/31/2014,366.4,264.44,629.51
11/3/2014,365.6,263.86,628.14
11/4/2014,361.28,260.74,620.71
11/5/2014,361.88,261.17,621.74
11/6/2014,363.95,262.67,625.3
11/7/2014,366.08,264.21,629.75
11/10/2014,362.44,261.58,624.28
11/11/2014,365.77,263.98,630.72
11/12/2014,364.73,263.23,629.65
11/13/2014,360.57,260.23,623.22
11/14/2014,362.57,261.67,626.67
11/17/2014,364.59,263.13,630.16
11/18/2014,361.8,261.12,625.35
11/19/2014,361.62,260.98,625.03
11/20/2014,365.4,263.71,631.57
11/21/2014,366.49,264.5,633.44
11/24/2014,363.47,262.32,628.22
11/25/2014,364.32,262.93,629.69
11/26/2014,363.75,262.52,628.71
11/28/2014,349.17,252,603.51
12/1/2014,355.2,256.35,613.93
12/2/2014,348.14,251.26,601.73
12/3/2014,347.21,250.58,600.11
12/4/2014,347.9,251.08,601.32
12/5/2014,348.61,251.59,602.77
12/8/2014,343.74,248.08,594.62
12/9/2014,347.6,250.86,601.53
12/10/2014,343.52,247.92,594.71
12/11/2014,343.22,247.7,594.44
12/12/2014,343.63,247.99,595.14
12/15/2014,340.13,245.47,589.1
12/16/2014,335.99,242.48,581.91
12/17/2014,338.44,244.25,586.15
12/18/2014,336.78,243.05,583.27
12/19/2014,337.68,243.7,584.84
12/22/2014,332.61,240.04,576.06
12/23/2014,334.56,241.45,579.42
12/24/2014,329.75,237.97,571.09
12/26/2014,331.03,238.9,573.3
12/29/2014,329.74,237.97,571.08
12/30/2014,329.38,237.71,570.46
12/31/2014,323.66,233.58,560.54
1/2/2015,322.09,232.45,557.83
1/5/2015,321.72,232.18,557.18
1/6/2015,321.62,232.1,557
1/7/2015,319.7,230.72,553.69
1/8/2015,319.53,230.6,553.87
1/9/2015,319.54,230.61,554.39
1/12/2015,313.81,226.46,544.27
1/13/2015,311.25,224.62,540.09
1/14/2015,313.95,226.57,545.06
1/15/2015,311.71,224.95,541.17
1/16/2015,316.63,228.5,549.7
1/20/2015,311.17,224.56,540.23
1/21/2015,314.62,227.05,546.21
1/22/2015,311.18,224.57,540.24
1/23/2015,309.65,223.47,537.59
1/26/2015,308.66,222.75,535.87
1/27/2015,309.98,223.7,538.16
1/28/2015,306.89,221.47,532.8
1/29/2015,302.85,218.55,525.78
1/30/2015,309.51,223.36,537.34
2/2/2015,311.64,224.9,541.03
2/3/2015,320.86,231.55,557.05
2/4/2015,313.31,226.11,543.94
2/5/2015,316.36,228.3,549.23
2/6/2015,316.77,228.6,551.07
2/9/2015,319.94,230.89,557.74
2/10/2015,314.9,227.25,550.13
2/11/2015,313.29,226.09,548.36
2/12/2015,318.11,229.57,557.78
2/13/2015,322.85,232.99,566.1
2/17/2015,321.61,232.1,563.93
2/18/2015,319.5,230.57,560.22
2/19/2015,319.25,230.39,559.78
2/20/2015,317.76,229.31,557.16
2/23/2015,314.46,226.93,551.37
2/24/2015,315.44,227.64,553.1
2/25/2015,317.69,229.26,557.04
2/26/2015,315.46,227.65,553.13
2/27/2015,319.55,230.61,560.31
3/2/2015,315.21,227.47,552.69
3/3/2015,316.01,228.05,554.09
3/4/2015,316.1,228.12,554.26
3/5/2015,315.22,227.48,552.71
3/6/2015,312.23,225.32,548.24
3/9/2015,311.43,224.74,547.56
3/10/2015,307.22,221.71,540.87
3/11/2015,308.04,222.3,543
3/12/2015,306.9,221.47,541.8
3/13/2015,302.24,218.11,533.58
3/16/2015,300.8,217.07,531.03
3/17/2015,299.37,216.04,528.5
3/18/2015,302.9,218.59,534.73
3/19/2015,302.38,218.21,533.82
3/20/2015,307.55,221.94,542.94
3/23/2015,309.71,223.5,546.76
3/24/2015,309.46,223.32,546.31
3/25/2015,310.57,224.12,548.28
3/26/2015,313.47,226.21,553.39
3/27/2015,307.99,222.26,543.72
3/30/2015,307.64,222.01,543.11
3/31/2015,304.14,219.48,536.93
4/1/2015,309.68,223.48,546.7
4/2/2015,308.42,222.57,544.48
4/6/2015,312.85,225.76,552.29
4/7/2015,314.59,227.02,555.36
4/8/2015,307.85,222.15,544.54
4/9/2015,306.51,221.19,543.24
4/10/2015,308.75,222.81,548.2
4/13/2015,307.41,221.84,546.69
4/14/2015,309.34,223.23,550.92
4/15/2015,314.62,227.04,560.33
4/16/2015,317.5,229.12,565.46
4/17/2015,316.15,228.15,563.06
4/20/2015,314.29,226.8,559.75
4/21/2015,312.91,225.81,557.29
4/22/2015,312.48,225.49,556.51
4/23/2015,315.06,227.36,561.12
4/24/2015,314.9,227.24,560.83
4/27/2015,315.29,227.52,561.51
4/28/2015,316.59,228.46,563.84
4/29/2015,319.95,230.88,569.82
4/30/2015,322.63,232.82,574.59
5/1/2015,321.33,231.88,572.28
5/4/2015,322.24,232.54,573.9
5/5/2015,325.88,235.17,580.39
5/6/2015,325.08,234.58,578.95
5/7/2015,320.72,231.44,571.67
5/8/2015,323.27,233.28,576.67
5/11/2015,321.14,231.74,573.34
5/12/2015,324.97,234.51,580.63
5/13/2015,325.69,235.02,582.38
5/14/2015,326.99,235.96,584.7
5/15/2015,326.5,235.61,583.83
5/18/2015,325.75,235.07,582.49
5/19/2015,318.6,229.91,569.71
5/20/2015,318.92,230.14,570.27
5/21/2015,321.64,232.1,575.14
5/22/2015,317.48,229.1,567.7
,,,
,,,
,,,
"Source: S&P Dow Jones Indices LLC.

The launch date of the Dow Jones Commodity Index was October 26, 2011. 

All information presented prior to the index launch date is back-tested. Back-tested performance is not actual performance, but is hypothetical. The back-test calculations are based on the same methodology that was in effect when the index was officially launched. Past performance is not a guarantee of future results.  Please see the Performance Disclosure at http://www.spindices.com/regulatory-affairs-disclaimers/ for more information regarding the inherent limitations associated with back-tested performance.

 S&P Dow Jones Indices LLC, a part of McGraw Hill Financial 2015. All rights reserved. Redistribution, reproduction and/or photocopying in whole or in part are prohibited without the written permission of S&P Dow Jones Indices. Standard & Poors and S&P are registered trademarks of Standard & Poors Financial Services LLC (S&P), a part of McGraw Hill Financial, Inc. Dow Jones is a registered trademark of Dow Jones Trademark Holdings LLC (Dow Jones). S&P Dow Jones Indices LLC, Dow Jones, S&P and their respective affiliates (S&P Dow Jones Indices) make no representation or warranty, express or implied, as to the ability of any index to accurately represent the asset class or market sector that it purports to represent and S&P Dow Jones Indices shall have no liability for any errors, omissions, or interruptions of any index or the data included therein. Past performance of an index is not an indication of future results. This document does not constitute an offer of any services. All information provided by S&P Dow Jones Indices is general in nature and not tailored to the needs of any person, entity or group of persons. It is not possible to invest directly in an index.  S&P Dow Jones Indices may receive compensation in connection with licensing its indices to third parties. Exposure to an asset class represented by an index is available through investable instruments offered by third parties that are based on that index. S&P Dow Jones Indices does not sponsor, endorse, sell, promote or manage any investment fund or other investment vehicle that seeks to provide an investment return based on the performance of any Index. S&P Dow Jones Indices LLC is not an investment advisor, and S&P Dow Jones Indices makes no representation regarding the advisability of investing in any such investment fund or other investment vehicle. For more information on any of our indices please visit www.spdji.com.",,,
